,file_name,label_pred
21,1.강제추행(성범죄)_105684_label.wav,0.0
33,1.강제추행(성범죄)_106012_label.wav,0.0
85,1.강제추행(성범죄)_107648_label.wav,0.0
92,1.강제추행(성범죄)_107833_label.wav,0.0
112,1.강제추행(성범죄)_108222_label.wav,0.0
117,1.강제추행(성범죄)_108324_label.wav,0.0
123,1.강제추행(성범죄)_108575_label.wav,0.0
129,1.강제추행(성범죄)_108732_label.wav,0.0
133,1.강제추행(성범죄)_108842_label.wav,0.0
141,1.강제추행(성범죄)_109093_label.wav,0.0
166,1.강제추행(성범죄)_109689_label.wav,0.0
181,1.강제추행(성범죄)_110140_label.wav,0.0
186,1.강제추행(성범죄)_110416_label.wav,0.0
194,1.강제추행(성범죄)_110534_label.wav,0.0
218,1.강제추행(성범죄)_111130_label.wav,0.0
246,1.강제추행(성범죄)_112768_label.wav,0.0
255,1.강제추행(성범죄)_113305_label.wav,0.0
262,1.강제추행(성범죄)_113865_label.wav,0.0
291,1.강제추행(성범죄)_115162_label.wav,0.0
323,1.강제추행(성범죄)_115881_label.wav,0.0
326,1.강제추행(성범죄)_115993_label.wav,0.0
401,1.강제추행(성범죄)_119560_label.wav,0.0
442,1.강제추행(성범죄)_121217_label.wav,0.0
445,1.강제추행(성범죄)_1213167_label.wav,0.0
446,1.강제추행(성범죄)_1213179_label.wav,0.0
447,1.강제추행(성범죄)_1213192_label.wav,0.0
449,1.강제추행(성범죄)_1213220_label.wav,0.0
451,1.강제추행(성범죄)_1213237_label.wav,0.0
452,1.강제추행(성범죄)_1213239_label.wav,0.0
453,1.강제추행(성범죄)_1213240_label.wav,0.0
455,1.강제추행(성범죄)_1213262_label.wav,0.0
456,1.강제추행(성범죄)_1213282_label.wav,0.0
457,1.강제추행(성범죄)_1213325_label.wav,0.0
458,1.강제추행(성범죄)_1213326_label.wav,0.0
459,1.강제추행(성범죄)_1213328_label.wav,0.0
460,1.강제추행(성범죄)_1213332_label.wav,0.0
462,1.강제추행(성범죄)_1213357_label.wav,0.0
463,1.강제추행(성범죄)_1213368_label.wav,0.0
464,1.강제추행(성범죄)_1213369_label.wav,0.0
470,1.강제추행(성범죄)_1213568_label.wav,0.0
473,1.강제추행(성범죄)_1213608_label.wav,0.0
474,1.강제추행(성범죄)_1213630_label.wav,0.0
475,1.강제추행(성범죄)_1213649_label.wav,0.0
476,1.강제추행(성범죄)_1213672_label.wav,0.0
477,1.강제추행(성범죄)_1213685_label.wav,0.0
479,1.강제추행(성범죄)_1213710_label.wav,0.0
480,1.강제추행(성범죄)_1213724_label.wav,0.0
481,1.강제추행(성범죄)_1213750_label.wav,0.0
482,1.강제추행(성범죄)_1213756_label.wav,0.0
483,1.강제추행(성범죄)_1213771_label.wav,0.0
485,1.강제추행(성범죄)_1213803_label.wav,0.0
488,1.강제추행(성범죄)_1213872_label.wav,0.0
492,1.강제추행(성범죄)_121537_label.wav,0.0
499,1.강제추행(성범죄)_121730_label.wav,0.0
502,1.강제추행(성범죄)_1217609_label.wav,0.0
503,1.강제추행(성범죄)_1217629_label.wav,0.0
505,1.강제추행(성범죄)_1217665_label.wav,0.0
506,1.강제추행(성범죄)_1217696_label.wav,0.0
507,1.강제추행(성범죄)_1217698_label.wav,0.0
509,1.강제추행(성범죄)_1217711_label.wav,0.0
510,1.강제추행(성범죄)_1217735_label.wav,0.0
511,1.강제추행(성범죄)_1217758_label.wav,0.0
512,1.강제추행(성범죄)_1217807_label.wav,0.0
514,1.강제추행(성범죄)_1217886_label.wav,0.0
515,1.강제추행(성범죄)_1218013_label.wav,0.0
516,1.강제추행(성범죄)_1218021_label.wav,0.0
518,1.강제추행(성범죄)_1218101_label.wav,0.0
520,1.강제추행(성범죄)_1218141_label.wav,0.0
521,1.강제추행(성범죄)_1218168_label.wav,0.0
523,1.강제추행(성범죄)_1218268_label.wav,0.0
524,1.강제추행(성범죄)_1218304_label.wav,0.0
525,1.강제추행(성범죄)_1218315_label.wav,0.0
528,1.강제추행(성범죄)_1218482_label.wav,0.0
530,1.강제추행(성범죄)_1218532_label.wav,0.0
531,1.강제추행(성범죄)_1218619_label.wav,0.0
532,1.강제추행(성범죄)_1218656_label.wav,0.0
533,1.강제추행(성범죄)_1218729_label.wav,0.0
534,1.강제추행(성범죄)_1218731_label.wav,0.0
535,1.강제추행(성범죄)_1218737_label.wav,0.0
537,1.강제추행(성범죄)_1218832_label.wav,0.0
538,1.강제추행(성범죄)_1218847_label.wav,0.0
540,1.강제추행(성범죄)_1218962_label.wav,0.0
541,1.강제추행(성범죄)_1218972_label.wav,0.0
542,1.강제추행(성범죄)_1219057_label.wav,0.0
544,1.강제추행(성범죄)_1219088_label.wav,0.0
545,1.강제추행(성범죄)_1219090_label.wav,0.0
546,1.강제추행(성범죄)_1219109_label.wav,0.0
547,1.강제추행(성범죄)_1219116_label.wav,0.0
549,1.강제추행(성범죄)_1219219_label.wav,0.0
550,1.강제추행(성범죄)_1219245_label.wav,0.0
551,1.강제추행(성범죄)_1219259_label.wav,0.0
553,1.강제추행(성범죄)_1219311_label.wav,0.0
554,1.강제추행(성범죄)_1219327_label.wav,0.0
555,1.강제추행(성범죄)_1219355_label.wav,0.0
556,1.강제추행(성범죄)_1219356_label.wav,0.0
558,1.강제추행(성범죄)_1219424_label.wav,0.0
561,1.강제추행(성범죄)_1219464_label.wav,0.0
563,1.강제추행(성범죄)_1219571_label.wav,0.0
564,1.강제추행(성범죄)_121958_label.wav,0.0
565,1.강제추행(성범죄)_1219640_label.wav,0.0
569,1.강제추행(성범죄)_1219807_label.wav,0.0
570,1.강제추행(성범죄)_1219812_label.wav,0.0
571,1.강제추행(성범죄)_1219815_label.wav,0.0
575,1.강제추행(성범죄)_1219945_label.wav,0.0
578,1.강제추행(성범죄)_1220058_label.wav,0.0
581,1.강제추행(성범죄)_1220291_label.wav,0.0
582,1.강제추행(성범죄)_1220294_label.wav,0.0
583,1.강제추행(성범죄)_122032_label.wav,0.0
584,1.강제추행(성범죄)_1220350_label.wav,0.0
586,1.강제추행(성범죄)_1220368_label.wav,0.0
587,1.강제추행(성범죄)_1220413_label.wav,0.0
588,1.강제추행(성범죄)_1220526_label.wav,0.0
589,1.강제추행(성범죄)_1220549_label.wav,0.0
590,1.강제추행(성범죄)_1220597_label.wav,0.0
591,1.강제추행(성범죄)_1220642_label.wav,0.0
592,1.강제추행(성범죄)_1220645_label.wav,0.0
594,1.강제추행(성범죄)_1220714_label.wav,0.0
597,1.강제추행(성범죄)_1220872_label.wav,0.0
598,1.강제추행(성범죄)_1220884_label.wav,0.0
599,1.강제추행(성범죄)_1220921_label.wav,0.0
600,1.강제추행(성범죄)_1220926_label.wav,0.0
601,1.강제추행(성범죄)_1220934_label.wav,0.0
603,1.강제추행(성범죄)_1221011_label.wav,0.0
604,1.강제추행(성범죄)_1221021_label.wav,0.0
606,1.강제추행(성범죄)_1221126_label.wav,0.0
607,1.강제추행(성범죄)_1221195_label.wav,0.0
610,1.강제추행(성범죄)_1221305_label.wav,0.0
613,1.강제추행(성범죄)_1221346_label.wav,0.0
626,1.강제추행(성범죄)_122562_label.wav,0.0
635,1.강제추행(성범죄)_1228046_label.wav,0.0
636,1.강제추행(성범죄)_1228051_label.wav,0.0
638,1.강제추행(성범죄)_1228076_label.wav,0.0
640,1.강제추행(성범죄)_1228103_label.wav,0.0
641,1.강제추행(성범죄)_1228130_label.wav,0.0
643,1.강제추행(성범죄)_1228199_label.wav,0.0
644,1.강제추행(성범죄)_1228269_label.wav,0.0
646,1.강제추행(성범죄)_1228346_label.wav,0.0
650,1.강제추행(성범죄)_1228396_label.wav,0.0
652,1.강제추행(성범죄)_1228514_label.wav,0.0
657,1.강제추행(성범죄)_1228746_label.wav,0.0
660,1.강제추행(성범죄)_1228776_label.wav,0.0
661,1.강제추행(성범죄)_1228804_label.wav,0.0
663,1.강제추행(성범죄)_1228823_label.wav,0.0
665,1.강제추행(성범죄)_1228970_label.wav,0.0
666,1.강제추행(성범죄)_1228999_label.wav,0.0
670,1.강제추행(성범죄)_1229132_label.wav,0.0
671,1.강제추행(성범죄)_1229146_label.wav,0.0
672,1.강제추행(성범죄)_1229176_label.wav,0.0
673,1.강제추행(성범죄)_1229188_label.wav,0.0
675,1.강제추행(성범죄)_1229242_label.wav,0.0
679,1.강제추행(성범죄)_1229302_label.wav,0.0
680,1.강제추행(성범죄)_1229304_label.wav,0.0
681,1.강제추행(성범죄)_1229305_label.wav,0.0
684,1.강제추행(성범죄)_1229342_label.wav,0.0
685,1.강제추행(성범죄)_1229382_label.wav,0.0
686,1.강제추행(성범죄)_1229402_label.wav,0.0
687,1.강제추행(성범죄)_1229414_label.wav,0.0
688,1.강제추행(성범죄)_1229437_label.wav,0.0
689,1.강제추행(성범죄)_1229456_label.wav,0.0
693,1.강제추행(성범죄)_1229529_label.wav,0.0
694,1.강제추행(성범죄)_1229541_label.wav,0.0
695,1.강제추행(성범죄)_1229571_label.wav,0.0
696,1.강제추행(성범죄)_1229579_label.wav,0.0
697,1.강제추행(성범죄)_1229580_label.wav,0.0
699,1.강제추행(성범죄)_1229614_label.wav,0.0
701,1.강제추행(성범죄)_1229692_label.wav,0.0
703,1.강제추행(성범죄)_1229702_label.wav,0.0
704,1.강제추행(성범죄)_1229704_label.wav,0.0
708,1.강제추행(성범죄)_1229768_label.wav,0.0
710,1.강제추행(성범죄)_1229789_label.wav,0.0
711,1.강제추행(성범죄)_1229793_label.wav,0.0
712,1.강제추행(성범죄)_1229803_label.wav,0.0
713,1.강제추행(성범죄)_1229818_label.wav,0.0
714,1.강제추행(성범죄)_1229828_label.wav,0.0
715,1.강제추행(성범죄)_1229855_label.wav,0.0
716,1.강제추행(성범죄)_1229882_label.wav,0.0
717,1.강제추행(성범죄)_1229890_label.wav,0.0
718,1.강제추행(성범죄)_1229908_label.wav,0.0
723,1.강제추행(성범죄)_1230002_label.wav,0.0
724,1.강제추행(성범죄)_1230070_label.wav,0.0
737,1.강제추행(성범죄)_1233710_label.wav,0.0
738,1.강제추행(성범죄)_1233718_label.wav,0.0
739,1.강제추행(성범죄)_1233727_label.wav,0.0
740,1.강제추행(성범죄)_1233730_label.wav,0.0
742,1.강제추행(성범죄)_1233750_label.wav,0.0
743,1.강제추행(성범죄)_1233774_label.wav,0.0
745,1.강제추행(성범죄)_1233783_label.wav,0.0
746,1.강제추행(성범죄)_1233801_label.wav,0.0
748,1.강제추행(성범죄)_1233839_label.wav,0.0
750,1.강제추행(성범죄)_1233862_label.wav,0.0
751,1.강제추행(성범죄)_1233930_label.wav,0.0
756,1.강제추행(성범죄)_1234042_label.wav,0.0
757,1.강제추행(성범죄)_1234063_label.wav,0.0
758,1.강제추행(성범죄)_1234068_label.wav,0.0
759,1.강제추행(성범죄)_1234078_label.wav,0.0
760,1.강제추행(성범죄)_1234088_label.wav,0.0
761,1.강제추행(성범죄)_123409_label.wav,0.0
763,1.강제추행(성범죄)_1234153_label.wav,0.0
764,1.강제추행(성범죄)_1234174_label.wav,0.0
767,1.강제추행(성범죄)_1234236_label.wav,0.0
769,1.강제추행(성범죄)_1234248_label.wav,0.0
770,1.강제추행(성범죄)_1234271_label.wav,0.0
771,1.강제추행(성범죄)_1234275_label.wav,0.0
772,1.강제추행(성범죄)_1234297_label.wav,0.0
773,1.강제추행(성범죄)_1234306_label.wav,0.0
774,1.강제추행(성범죄)_1234307_label.wav,0.0
775,1.강제추행(성범죄)_1234359_label.wav,0.0
777,1.강제추행(성범죄)_1234373_label.wav,0.0
778,1.강제추행(성범죄)_1234439_label.wav,0.0
779,1.강제추행(성범죄)_1234453_label.wav,0.0
784,1.강제추행(성범죄)_1234570_label.wav,0.0
785,1.강제추행(성범죄)_1234573_label.wav,0.0
786,1.강제추행(성범죄)_1234609_label.wav,0.0
788,1.강제추행(성범죄)_1234625_label.wav,0.0
791,1.강제추행(성범죄)_1234712_label.wav,0.0
793,1.강제추행(성범죄)_1234731_label.wav,0.0
794,1.강제추행(성범죄)_1234732_label.wav,0.0
795,1.강제추행(성범죄)_1234795_label.wav,0.0
796,1.강제추행(성범죄)_1234807_label.wav,0.0
797,1.강제추행(성범죄)_1234834_label.wav,0.0
800,1.강제추행(성범죄)_1234861_label.wav,0.0
801,1.강제추행(성범죄)_1234866_label.wav,0.0
802,1.강제추행(성범죄)_1234868_label.wav,0.0
803,1.강제추행(성범죄)_1234871_label.wav,0.0
811,1.강제추행(성범죄)_1235786_label.wav,0.0
812,1.강제추행(성범죄)_1235792_label.wav,0.0
813,1.강제추행(성범죄)_1235793_label.wav,0.0
814,1.강제추행(성범죄)_1235796_label.wav,0.0
815,1.강제추행(성범죄)_1235836_label.wav,0.0
816,1.강제추행(성범죄)_1235847_label.wav,0.0
817,1.강제추행(성범죄)_1235908_label.wav,0.0
818,1.강제추행(성범죄)_1235914_label.wav,0.0
819,1.강제추행(성범죄)_1235923_label.wav,0.0
820,1.강제추행(성범죄)_1235927_label.wav,0.0
821,1.강제추행(성범죄)_1235936_label.wav,0.0
822,1.강제추행(성범죄)_1235954_label.wav,0.0
823,1.강제추행(성범죄)_1235965_label.wav,0.0
824,1.강제추행(성범죄)_1235982_label.wav,0.0
825,1.강제추행(성범죄)_1236006_label.wav,0.0
826,1.강제추행(성범죄)_1236014_label.wav,0.0
827,1.강제추행(성범죄)_1236024_label.wav,0.0
828,1.강제추행(성범죄)_1236036_label.wav,0.0
830,1.강제추행(성범죄)_1236043_label.wav,0.0
831,1.강제추행(성범죄)_1236051_label.wav,0.0
832,1.강제추행(성범죄)_1236059_label.wav,0.0
833,1.강제추행(성범죄)_1236066_label.wav,0.0
834,1.강제추행(성범죄)_1236091_label.wav,0.0
836,1.강제추행(성범죄)_1236136_label.wav,0.0
838,1.강제추행(성범죄)_1236149_label.wav,0.0
839,1.강제추행(성범죄)_1236153_label.wav,0.0
840,1.강제추행(성범죄)_1236157_label.wav,0.0
843,1.강제추행(성범죄)_1236185_label.wav,0.0
844,1.강제추행(성범죄)_1236188_label.wav,0.0
846,1.강제추행(성범죄)_1236229_label.wav,0.0
847,1.강제추행(성범죄)_1236236_label.wav,0.0
850,1.강제추행(성범죄)_1236272_label.wav,0.0
853,1.강제추행(성범죄)_1236292_label.wav,0.0
854,1.강제추행(성범죄)_1236293_label.wav,0.0
855,1.강제추행(성범죄)_1236334_label.wav,0.0
856,1.강제추행(성범죄)_1236335_label.wav,0.0
857,1.강제추행(성범죄)_1236337_label.wav,0.0
858,1.강제추행(성범죄)_1236355_label.wav,0.0
859,1.강제추행(성범죄)_1236369_label.wav,0.0
862,1.강제추행(성범죄)_1236404_label.wav,0.0
864,1.강제추행(성범죄)_1236407_label.wav,0.0
865,1.강제추행(성범죄)_1236426_label.wav,0.0
868,1.강제추행(성범죄)_1236453_label.wav,0.0
869,1.강제추행(성범죄)_1236464_label.wav,0.0
870,1.강제추행(성범죄)_1236478_label.wav,0.0
872,1.강제추행(성범죄)_1236505_label.wav,0.0
873,1.강제추행(성범죄)_1236519_label.wav,0.0
875,1.강제추행(성범죄)_1236536_label.wav,0.0
876,1.강제추행(성범죄)_1236539_label.wav,0.0
877,1.강제추행(성범죄)_1236561_label.wav,0.0
878,1.강제추행(성범죄)_1236595_label.wav,0.0
881,1.강제추행(성범죄)_1236652_label.wav,0.0
882,1.강제추행(성범죄)_1236663_label.wav,0.0
883,1.강제추행(성범죄)_1236667_label.wav,0.0
885,1.강제추행(성범죄)_1236676_label.wav,0.0
886,1.강제추행(성범죄)_1236692_label.wav,0.0
890,1.강제추행(성범죄)_1236750_label.wav,0.0
891,1.강제추행(성범죄)_1236772_label.wav,0.0
892,1.강제추행(성범죄)_1236785_label.wav,0.0
893,1.강제추행(성범죄)_1236790_label.wav,0.0
894,1.강제추행(성범죄)_1236812_label.wav,0.0
896,1.강제추행(성범죄)_1236857_label.wav,0.0
897,1.강제추행(성범죄)_1236873_label.wav,0.0
898,1.강제추행(성범죄)_1236887_label.wav,0.0
903,1.강제추행(성범죄)_1237043_label.wav,0.0
904,1.강제추행(성범죄)_1237049_label.wav,0.0
905,1.강제추행(성범죄)_1237097_label.wav,0.0
907,1.강제추행(성범죄)_1237137_label.wav,0.0
910,1.강제추행(성범죄)_1237166_label.wav,0.0
911,1.강제추행(성범죄)_1237178_label.wav,0.0
914,1.강제추행(성범죄)_1237210_label.wav,0.0
915,1.강제추행(성범죄)_1237215_label.wav,0.0
916,1.강제추행(성범죄)_1237240_label.wav,0.0
917,1.강제추행(성범죄)_1237252_label.wav,0.0
918,1.강제추행(성범죄)_1237259_label.wav,0.0
919,1.강제추행(성범죄)_1237269_label.wav,0.0
921,1.강제추행(성범죄)_1237284_label.wav,0.0
922,1.강제추행(성범죄)_1237317_label.wav,0.0
926,1.강제추행(성범죄)_1237434_label.wav,0.0
927,1.강제추행(성범죄)_1237437_label.wav,0.0
930,1.강제추행(성범죄)_1237472_label.wav,0.0
931,1.강제추행(성범죄)_1237477_label.wav,0.0
932,1.강제추행(성범죄)_1237479_label.wav,0.0
933,1.강제추행(성범죄)_1237480_label.wav,0.0
934,1.강제추행(성범죄)_1237488_label.wav,0.0
936,1.강제추행(성범죄)_1237499_label.wav,0.0
937,1.강제추행(성범죄)_1237524_label.wav,0.0
938,1.강제추행(성범죄)_1237551_label.wav,0.0
939,1.강제추행(성범죄)_123755_label.wav,0.0
940,1.강제추행(성범죄)_1237561_label.wav,0.0
941,1.강제추행(성범죄)_1237565_label.wav,0.0
943,1.강제추행(성범죄)_1237571_label.wav,0.0
944,1.강제추행(성범죄)_1237577_label.wav,0.0
946,1.강제추행(성범죄)_1237604_label.wav,0.0
947,1.강제추행(성범죄)_1237609_label.wav,0.0
948,1.강제추행(성범죄)_1237697_label.wav,0.0
949,1.강제추행(성범죄)_1237725_label.wav,0.0
953,1.강제추행(성범죄)_1237760_label.wav,0.0
954,1.강제추행(성범죄)_1237765_label.wav,0.0
955,1.강제추행(성범죄)_1237769_label.wav,0.0
956,1.강제추행(성범죄)_1237778_label.wav,0.0
957,1.강제추행(성범죄)_1237786_label.wav,0.0
958,1.강제추행(성범죄)_1237791_label.wav,0.0
960,1.강제추행(성범죄)_1237858_label.wav,0.0
961,1.강제추행(성범죄)_1237893_label.wav,0.0
962,1.강제추행(성범죄)_1237897_label.wav,0.0
963,1.강제추행(성범죄)_1237900_label.wav,0.0
988,1.강제추행(성범죄)_124594_label.wav,0.0
993,1.강제추행(성범죄)_1246414_label.wav,0.0
996,1.강제추행(성범죄)_1246453_label.wav,0.0
1002,1.강제추행(성범죄)_1246699_label.wav,0.0
1003,1.강제추행(성범죄)_1246716_label.wav,0.0
1006,1.강제추행(성범죄)_1246746_label.wav,0.0
1008,1.강제추행(성범죄)_1246809_label.wav,0.0
1012,1.강제추행(성범죄)_1246903_label.wav,0.0
1014,1.강제추행(성범죄)_1246907_label.wav,0.0
1015,1.강제추행(성범죄)_1246924_label.wav,0.0
1017,1.강제추행(성범죄)_1246937_label.wav,0.0
1018,1.강제추행(성범죄)_1246947_label.wav,0.0
1019,1.강제추행(성범죄)_1246950_label.wav,0.0
1020,1.강제추행(성범죄)_1246999_label.wav,0.0
1023,1.강제추행(성범죄)_1247051_label.wav,0.0
1024,1.강제추행(성범죄)_1247053_label.wav,0.0
1025,1.강제추행(성범죄)_1247156_label.wav,0.0
1026,1.강제추행(성범죄)_1247166_label.wav,0.0
1027,1.강제추행(성범죄)_1247180_label.wav,0.0
1028,1.강제추행(성범죄)_1247207_label.wav,0.0
1032,1.강제추행(성범죄)_1247281_label.wav,0.0
1033,1.강제추행(성범죄)_1247292_label.wav,0.0
1035,1.강제추행(성범죄)_1247376_label.wav,0.0
1037,1.강제추행(성범죄)_1247451_label.wav,0.0
1038,1.강제추행(성범죄)_1247457_label.wav,0.0
1039,1.강제추행(성범죄)_1247469_label.wav,0.0
1043,1.강제추행(성범죄)_1247538_label.wav,0.0
1044,1.강제추행(성범죄)_1247568_label.wav,0.0
1046,1.강제추행(성범죄)_1247577_label.wav,0.0
1047,1.강제추행(성범죄)_1247581_label.wav,0.0
1049,1.강제추행(성범죄)_1247600_label.wav,0.0
1051,1.강제추행(성범죄)_1247615_label.wav,0.0
1053,1.강제추행(성범죄)_1247622_label.wav,0.0
1055,1.강제추행(성범죄)_1247627_label.wav,0.0
1056,1.강제추행(성범죄)_1247629_label.wav,0.0
1057,1.강제추행(성범죄)_1247630_label.wav,0.0
1059,1.강제추행(성범죄)_1247638_label.wav,0.0
1061,1.강제추행(성범죄)_1247678_label.wav,0.0
1065,1.강제추행(성범죄)_1247752_label.wav,0.0
1066,1.강제추행(성범죄)_1247759_label.wav,0.0
1069,1.강제추행(성범죄)_1247782_label.wav,0.0
1070,1.강제추행(성범죄)_1247796_label.wav,0.0
1071,1.강제추행(성범죄)_1247810_label.wav,0.0
1072,1.강제추행(성범죄)_1247824_label.wav,0.0
1073,1.강제추행(성범죄)_1247858_label.wav,0.0
1074,1.강제추행(성범죄)_1247859_label.wav,0.0
1075,1.강제추행(성범죄)_1247875_label.wav,0.0
1082,1.강제추행(성범죄)_124909_label.wav,0.0
1083,1.강제추행(성범죄)_124988_label.wav,0.0
1090,1.강제추행(성범죄)_125180_label.wav,0.0
1097,1.강제추행(성범죄)_125516_label.wav,0.0
1117,1.강제추행(성범죄)_126436_label.wav,0.0
1123,1.강제추행(성범죄)_126629_label.wav,0.0
1142,1.강제추행(성범죄)_1273767_label.wav,0.0
1143,1.강제추행(성범죄)_1273771_label.wav,0.0
1149,1.강제추행(성범죄)_1273956_label.wav,0.0
1155,1.강제추행(성범죄)_127558_label.wav,0.0
1161,1.강제추행(성범죄)_127934_label.wav,0.0
1165,1.강제추행(성범죄)_128219_label.wav,0.0
1171,1.강제추행(성범죄)_128401_label.wav,0.0
1191,1.강제추행(성범죄)_129186_label.wav,0.0
1196,1.강제추행(성범죄)_129310_label.wav,0.0
1197,1.강제추행(성범죄)_129338_label.wav,0.0
1204,1.강제추행(성범죄)_129539_label.wav,0.0
1217,1.강제추행(성범죄)_130058_label.wav,0.0
1220,1.강제추행(성범죄)_130101_label.wav,0.0
1240,1.강제추행(성범죄)_131048_label.wav,0.0
1255,1.강제추행(성범죄)_131549_label.wav,0.0
1259,1.강제추행(성범죄)_131784_label.wav,0.0
1263,1.강제추행(성범죄)_131902_label.wav,0.0
1273,1.강제추행(성범죄)_132325_label.wav,0.0
1283,1.강제추행(성범죄)_132866_label.wav,0.0
1284,1.강제추행(성범죄)_132871_label.wav,0.0
1296,1.강제추행(성범죄)_133396_label.wav,0.0
1297,1.강제추행(성범죄)_133405_label.wav,0.0
1352,1.강제추행(성범죄)_135787_label.wav,0.0
1368,1.강제추행(성범죄)_136317_label.wav,0.0
1374,1.강제추행(성범죄)_136688_label.wav,0.0
1425,1.강제추행(성범죄)_139116_label.wav,0.0
1438,1.강제추행(성범죄)_139676_label.wav,0.0
1446,1.강제추행(성범죄)_140207_label.wav,0.0
1449,1.강제추행(성범죄)_140258_label.wav,0.0
1452,1.강제추행(성범죄)_140306_label.wav,0.0
1462,1.강제추행(성범죄)_140504_label.wav,0.0
1473,1.강제추행(성범죄)_141120_label.wav,0.0
1483,1.강제추행(성범죄)_141738_label.wav,0.0
1494,1.강제추행(성범죄)_142096_label.wav,0.0
1503,1.강제추행(성범죄)_142545_label.wav,0.0
1521,1.강제추행(성범죄)_143363_label.wav,0.0
1539,1.강제추행(성범죄)_144220_label.wav,0.0
1547,1.강제추행(성범죄)_144533_label.wav,0.0
1568,1.강제추행(성범죄)_145282_label.wav,0.0
1605,1.강제추행(성범죄)_147183_label.wav,0.0
1642,1.강제추행(성범죄)_18515_label.wav,0.0
1647,1.강제추행(성범죄)_18568_label.wav,0.0
1663,1.강제추행(성범죄)_19260_label.wav,0.0
1664,1.강제추행(성범죄)_19276_label.wav,0.0
1668,1.강제추행(성범죄)_19320_label.wav,0.0
1688,1.강제추행(성범죄)_20091_label.wav,0.0
1746,1.강제추행(성범죄)_24107_label.wav,0.0
1771,1.강제추행(성범죄)_25921_label.wav,0.0
1788,1.강제추행(성범죄)_26947_label.wav,0.0
1791,1.강제추행(성범죄)_27072_label.wav,0.0
1845,1.강제추행(성범죄)_30086_label.wav,0.0
1941,1.강제추행(성범죄)_37216_label.wav,0.0
1952,1.강제추행(성범죄)_38412_label.wav,0.0
1992,1.강제추행(성범죄)_41228_label.wav,0.0
1994,1.강제추행(성범죄)_652491_label.wav,0.0
1995,1.강제추행(성범죄)_652499_label.wav,0.0
2000,14.도움요청_1006569_label.wav,0.0
2002,14.도움요청_1006608_label.wav,0.0
2004,14.도움요청_1008813_label.wav,0.0
2005,14.도움요청_1008828_label.wav,0.0
2017,14.도움요청_1012518_label.wav,0.0
2018,14.도움요청_1012567_label.wav,0.0
2027,14.도움요청_1012912_label.wav,0.0
2042,14.도움요청_1013454_label.wav,0.0
2043,14.도움요청_1013469_label.wav,0.0
2051,14.도움요청_1013653_label.wav,0.0
2052,14.도움요청_1013655_label.wav,0.0
2055,14.도움요청_1013756_label.wav,0.0
2057,14.도움요청_1013845_label.wav,0.0
2071,14.도움요청_1014408_label.wav,0.0
2074,14.도움요청_1014605_label.wav,0.0
2086,14.도움요청_1015394_label.wav,0.0
2089,14.도움요청_1015482_label.wav,0.0
2092,14.도움요청_1015594_label.wav,0.0
2094,14.도움요청_1015661_label.wav,0.0
2101,14.도움요청_1015872_label.wav,0.0
2117,14.도움요청_1016635_label.wav,0.0
2119,14.도움요청_1016646_label.wav,0.0
2121,14.도움요청_1016652_label.wav,0.0
2125,14.도움요청_1016752_label.wav,0.0
2126,14.도움요청_1016768_label.wav,0.0
2136,14.도움요청_1017090_label.wav,0.0
2138,14.도움요청_1017120_label.wav,0.0
2143,14.도움요청_1017203_label.wav,0.0
2144,14.도움요청_1017452_label.wav,0.0
2158,14.도움요청_1018811_label.wav,0.0
2163,14.도움요청_1019089_label.wav,0.0
2168,14.도움요청_1019191_label.wav,0.0
2172,14.도움요청_1019329_label.wav,0.0
2208,14.도움요청_1021372_label.wav,0.0
2213,14.도움요청_1021813_label.wav,0.0
2214,14.도움요청_1021854_label.wav,0.0
2216,14.도움요청_1021916_label.wav,0.0
2217,14.도움요청_1021958_label.wav,0.0
2219,14.도움요청_1021965_label.wav,0.0
2236,14.도움요청_1022642_label.wav,0.0
2243,14.도움요청_1023001_label.wav,0.0
2244,14.도움요청_1023009_label.wav,0.0
2246,14.도움요청_1023089_label.wav,0.0
2260,14.도움요청_1023936_label.wav,0.0
2264,14.도움요청_1024146_label.wav,0.0
2268,14.도움요청_1024417_label.wav,0.0
2279,14.도움요청_1026037_label.wav,0.0
2280,14.도움요청_1026151_label.wav,0.0
2297,14.도움요청_1027260_label.wav,0.0
2302,14.도움요청_1027580_label.wav,0.0
2313,14.도움요청_1027954_label.wav,0.0
2317,14.도움요청_102805_label.wav,0.0
2322,14.도움요청_1028207_label.wav,0.0
2325,14.도움요청_1028260_label.wav,0.0
2326,14.도움요청_1028325_label.wav,0.0
2328,14.도움요청_1028403_label.wav,0.0
2343,14.도움요청_1029451_label.wav,0.0
2345,14.도움요청_1029502_label.wav,0.0
2358,14.도움요청_1030110_label.wav,0.0
2359,14.도움요청_1030112_label.wav,0.0
2361,14.도움요청_1030139_label.wav,0.0
2374,14.도움요청_1030845_label.wav,0.0
2380,14.도움요청_1030972_label.wav,0.0
2390,14.도움요청_1031653_label.wav,0.0
2393,14.도움요청_1032016_label.wav,0.0
2397,14.도움요청_1032737_label.wav,0.0
2400,14.도움요청_103280_label.wav,0.0
2405,14.도움요청_1033157_label.wav,0.0
2406,14.도움요청_1033161_label.wav,0.0
2408,14.도움요청_1033264_label.wav,0.0
2410,14.도움요청_1033281_label.wav,0.0
2412,14.도움요청_1033316_label.wav,0.0
2413,14.도움요청_1033338_label.wav,0.0
2415,14.도움요청_1033415_label.wav,0.0
2426,14.도움요청_1033775_label.wav,0.0
2432,14.도움요청_103388_label.wav,0.0
2434,14.도움요청_1033975_label.wav,0.0
2447,14.도움요청_1034455_label.wav,0.0
2451,14.도움요청_1034653_label.wav,0.0
2456,14.도움요청_103486_label.wav,0.0
2457,14.도움요청_1034970_label.wav,0.0
2458,14.도움요청_1034974_label.wav,0.0
2461,14.도움요청_103502_label.wav,0.0
2463,14.도움요청_1035146_label.wav,0.0
2471,14.도움요청_1035477_label.wav,0.0
2472,14.도움요청_1035496_label.wav,0.0
2477,14.도움요청_1035642_label.wav,0.0
2481,14.도움요청_1035705_label.wav,0.0
2485,14.도움요청_103581_label.wav,0.0
2487,14.도움요청_1035850_label.wav,0.0
2490,14.도움요청_1036023_label.wav,0.0
2493,14.도움요청_1036105_label.wav,0.0
2496,14.도움요청_1036232_label.wav,0.0
2498,14.도움요청_1036333_label.wav,0.0
2505,14.도움요청_1036557_label.wav,0.0
2506,14.도움요청_1036615_label.wav,0.0
2510,14.도움요청_1036714_label.wav,0.0
2511,14.도움요청_1036747_label.wav,0.0
2516,14.도움요청_1037017_label.wav,0.0
2533,14.도움요청_1037924_label.wav,0.0
2538,14.도움요청_1038051_label.wav,0.0
2546,14.도움요청_1038260_label.wav,0.0
2547,14.도움요청_1038333_label.wav,0.0
2552,14.도움요청_1038537_label.wav,0.0
2553,14.도움요청_1038590_label.wav,0.0
2557,14.도움요청_1038767_label.wav,0.0
2570,14.도움요청_1039111_label.wav,0.0
2572,14.도움요청_1039123_label.wav,0.0
2578,14.도움요청_1039329_label.wav,0.0
2581,14.도움요청_1039422_label.wav,0.0
2586,14.도움요청_1039520_label.wav,0.0
2588,14.도움요청_1039634_label.wav,0.0
2601,14.도움요청_1040097_label.wav,0.0
2612,14.도움요청_1040449_label.wav,0.0
2613,14.도움요청_1040507_label.wav,0.0
2634,14.도움요청_1041699_label.wav,0.0
2640,14.도움요청_1041846_label.wav,0.0
2641,14.도움요청_1041886_label.wav,0.0
2647,14.도움요청_104199_label.wav,0.0
2649,14.도움요청_1042028_label.wav,0.0
2663,14.도움요청_1042754_label.wav,0.0
2672,14.도움요청_1043050_label.wav,0.0
2674,14.도움요청_1043157_label.wav,0.0
2675,14.도움요청_1043184_label.wav,0.0
2677,14.도움요청_104326_label.wav,0.0
2687,14.도움요청_1043707_label.wav,0.0
2689,14.도움요청_1043770_label.wav,0.0
2690,14.도움요청_1043823_label.wav,0.0
2707,14.도움요청_1044425_label.wav,0.0
2713,14.도움요청_1044553_label.wav,0.0
2714,14.도움요청_1044608_label.wav,0.0
2717,14.도움요청_104474_label.wav,0.0
2722,14.도움요청_1044873_label.wav,0.0
2726,14.도움요청_1045106_label.wav,0.0
2728,14.도움요청_1045413_label.wav,0.0
2731,14.도움요청_1045617_label.wav,0.0
2735,14.도움요청_104569_label.wav,0.0
2740,14.도움요청_1045789_label.wav,0.0
2742,14.도움요청_1045963_label.wav,0.0
2744,14.도움요청_1046001_label.wav,0.0
2749,14.도움요청_1046127_label.wav,0.0
2750,14.도움요청_104613_label.wav,0.0
2771,14.도움요청_1046995_label.wav,0.0
2772,14.도움요청_1047064_label.wav,0.0
2782,14.도움요청_104746_label.wav,0.0
2786,14.도움요청_104871_label.wav,0.0
2789,14.도움요청_104924_label.wav,0.0
2796,14.도움요청_116638_label.wav,0.0
2797,14.도움요청_116877_label.wav,0.0
2802,14.도움요청_117383_label.wav,0.0
2812,14.도움요청_118770_label.wav,0.0
2816,14.도움요청_119459_label.wav,0.0
2819,14.도움요청_119765_label.wav,0.0
2821,14.도움요청_120218_label.wav,0.0
2822,14.도움요청_120229_label.wav,0.0
2824,14.도움요청_120742_label.wav,0.0
2825,14.도움요청_120746_label.wav,0.0
2826,14.도움요청_120762_label.wav,0.0
2830,14.도움요청_120856_label.wav,0.0
2831,14.도움요청_121478_label.wav,0.0
2834,14.도움요청_121946_label.wav,0.0
2837,14.도움요청_122230_label.wav,0.0
2839,14.도움요청_122450_label.wav,0.0
2840,14.도움요청_122592_label.wav,0.0
2843,14.도움요청_123176_label.wav,0.0
2845,14.도움요청_123425_label.wav,0.0
2846,14.도움요청_123495_label.wav,0.0
2847,14.도움요청_123512_label.wav,0.0
2848,14.도움요청_123636_label.wav,0.0
2850,14.도움요청_124194_label.wav,0.0
2854,14.도움요청_124710_label.wav,0.0
2863,14.도움요청_1254059_label.wav,0.0
2869,14.도움요청_1254249_label.wav,0.0
2872,14.도움요청_1254289_label.wav,0.0
2874,14.도움요청_1254300_label.wav,0.0
2876,14.도움요청_1254402_label.wav,0.0
2881,14.도움요청_1254545_label.wav,0.0
2882,14.도움요청_1254567_label.wav,0.0
2883,14.도움요청_1254670_label.wav,0.0
2884,14.도움요청_1254876_label.wav,0.0
2893,14.도움요청_1255085_label.wav,0.0
2895,14.도움요청_1255114_label.wav,0.0
2896,14.도움요청_1255120_label.wav,0.0
2898,14.도움요청_1255152_label.wav,0.0
2906,14.도움요청_1255308_label.wav,0.0
2908,14.도움요청_1255330_label.wav,0.0
2909,14.도움요청_1255372_label.wav,0.0
2911,14.도움요청_1255404_label.wav,0.0
2915,14.도움요청_1255500_label.wav,0.0
2917,14.도움요청_1255530_label.wav,0.0
2918,14.도움요청_1255572_label.wav,0.0
2920,14.도움요청_1256222_label.wav,0.0
2925,14.도움요청_1256252_label.wav,0.0
2926,14.도움요청_1256311_label.wav,0.0
2928,14.도움요청_1256319_label.wav,0.0
2929,14.도움요청_1256327_label.wav,0.0
2931,14.도움요청_1256381_label.wav,0.0
2932,14.도움요청_1256389_label.wav,0.0
2936,14.도움요청_1256433_label.wav,0.0
2939,14.도움요청_1256482_label.wav,0.0
2940,14.도움요청_1256514_label.wav,0.0
2944,14.도움요청_1256598_label.wav,0.0
2945,14.도움요청_1256599_label.wav,0.0
2947,14.도움요청_1256630_label.wav,0.0
2952,14.도움요청_1256770_label.wav,0.0
2955,14.도움요청_1256796_label.wav,0.0
2956,14.도움요청_125683_label.wav,0.0
2958,14.도움요청_1256861_label.wav,0.0
2959,14.도움요청_1256886_label.wav,0.0
2961,14.도움요청_1256902_label.wav,0.0
2967,14.도움요청_1257091_label.wav,0.0
2973,14.도움요청_1257197_label.wav,0.0
2978,14.도움요청_1257361_label.wav,0.0
2996,14.도움요청_1257919_label.wav,0.0
2997,14.도움요청_1257963_label.wav,0.0
3000,14.도움요청_1258056_label.wav,0.0
3007,14.도움요청_1258230_label.wav,0.0
3008,14.도움요청_1258235_label.wav,0.0
3018,14.도움요청_1258359_label.wav,0.0
3028,14.도움요청_126520_label.wav,0.0
3029,14.도움요청_127001_label.wav,0.0
3037,14.도움요청_127794_label.wav,0.0
3038,14.도움요청_127916_label.wav,0.0
3040,14.도움요청_128110_label.wav,0.0
3047,14.도움요청_129181_label.wav,0.0
3049,14.도움요청_129334_label.wav,0.0
3050,14.도움요청_129468_label.wav,0.0
3053,14.도움요청_130031_label.wav,0.0
3056,14.도움요청_130127_label.wav,0.0
3059,14.도움요청_130348_label.wav,0.0
3061,14.도움요청_130733_label.wav,0.0
3064,14.도움요청_131236_label.wav,0.0
3076,14.도움요청_134019_label.wav,0.0
3077,14.도움요청_134130_label.wav,0.0
3088,14.도움요청_136063_label.wav,0.0
3089,14.도움요청_136130_label.wav,0.0
3093,14.도움요청_136893_label.wav,0.0
3094,14.도움요청_136951_label.wav,0.0
3097,14.도움요청_137628_label.wav,0.0
3107,14.도움요청_139322_label.wav,0.0
3108,14.도움요청_139363_label.wav,0.0
3109,14.도움요청_139469_label.wav,0.0
3115,14.도움요청_140294_label.wav,0.0
3122,14.도움요청_33133_label.wav,0.0
3124,14.도움요청_33901_label.wav,0.0
3130,14.도움요청_36093_label.wav,0.0
3131,14.도움요청_36143_label.wav,0.0
3132,14.도움요청_36384_label.wav,0.0
3142,14.도움요청_40303_label.wav,0.0
3148,14.도움요청_42027_label.wav,0.0
3152,14.도움요청_42273_label.wav,0.0
3154,14.도움요청_42573_label.wav,0.0
3165,14.도움요청_44318_label.wav,0.0
3179,14.도움요청_47926_label.wav,0.0
3180,14.도움요청_47935_label.wav,0.0
3184,14.도움요청_48116_label.wav,0.0
3192,14.도움요청_49641_label.wav,0.0
3193,14.도움요청_49820_label.wav,0.0
3196,14.도움요청_499069_label.wav,0.0
3201,14.도움요청_508355_label.wav,0.0
3206,14.도움요청_531213_label.wav,0.0
3207,14.도움요청_531329_label.wav,0.0
3208,14.도움요청_531333_label.wav,0.0
3211,14.도움요청_531492_label.wav,0.0
3212,14.도움요청_531525_label.wav,0.0
3221,14.도움요청_756295_label.wav,0.0
3224,14.도움요청_756512_label.wav,0.0
3231,14.도움요청_757067_label.wav,0.0
3233,14.도움요청_757417_label.wav,0.0
3238,14.도움요청_757989_label.wav,0.0
3240,14.도움요청_758227_label.wav,0.0
3254,14.도움요청_759205_label.wav,0.0
3256,14.도움요청_759353_label.wav,0.0
3258,14.도움요청_759393_label.wav,0.0
3259,14.도움요청_759428_label.wav,0.0
3260,14.도움요청_759487_label.wav,0.0
3262,14.도움요청_759576_label.wav,0.0
3264,14.도움요청_759615_label.wav,0.0
3267,14.도움요청_759794_label.wav,0.0
3268,14.도움요청_759823_label.wav,0.0
3271,14.도움요청_760144_label.wav,0.0
3273,14.도움요청_760869_label.wav,0.0
3277,14.도움요청_760979_label.wav,0.0
3282,14.도움요청_761195_label.wav,0.0
3290,14.도움요청_761798_label.wav,0.0
3294,14.도움요청_762090_label.wav,0.0
3308,14.도움요청_762825_label.wav,0.0
3314,14.도움요청_763452_label.wav,0.0
3317,14.도움요청_763508_label.wav,0.0
3318,14.도움요청_763518_label.wav,0.0
3324,14.도움요청_763726_label.wav,0.0
3326,14.도움요청_763861_label.wav,0.0
3328,14.도움요청_763914_label.wav,0.0
3331,14.도움요청_764067_label.wav,0.0
3336,14.도움요청_764366_label.wav,0.0
3338,14.도움요청_764413_label.wav,0.0
3342,14.도움요청_764507_label.wav,0.0
3343,14.도움요청_764539_label.wav,0.0
3358,14.도움요청_764937_label.wav,0.0
3362,14.도움요청_765159_label.wav,0.0
3363,14.도움요청_765191_label.wav,0.0
3365,14.도움요청_765252_label.wav,0.0
3367,14.도움요청_765360_label.wav,0.0
3373,14.도움요청_765773_label.wav,0.0
3377,14.도움요청_766069_label.wav,0.0
3378,14.도움요청_766118_label.wav,0.0
3381,14.도움요청_766200_label.wav,0.0
3388,14.도움요청_766520_label.wav,0.0
3391,14.도움요청_766702_label.wav,0.0
3392,14.도움요청_766718_label.wav,0.0
3393,14.도움요청_766925_label.wav,0.0
3394,14.도움요청_766945_label.wav,0.0
3400,14.도움요청_767409_label.wav,0.0
3408,14.도움요청_767800_label.wav,0.0
3410,14.도움요청_767840_label.wav,0.0
3411,14.도움요청_767856_label.wav,0.0
3412,14.도움요청_767863_label.wav,0.0
3422,14.도움요청_768747_label.wav,0.0
3426,14.도움요청_768977_label.wav,0.0
3441,14.도움요청_770672_label.wav,0.0
3442,14.도움요청_770774_label.wav,0.0
3444,14.도움요청_770831_label.wav,0.0
3445,14.도움요청_770993_label.wav,0.0
3450,14.도움요청_771271_label.wav,0.0
3462,14.도움요청_772175_label.wav,0.0
3476,14.도움요청_773365_label.wav,0.0
3478,14.도움요청_773387_label.wav,0.0
3479,14.도움요청_773428_label.wav,0.0
3481,14.도움요청_773486_label.wav,0.0
3487,14.도움요청_773763_label.wav,0.0
3492,14.도움요청_773903_label.wav,0.0
3504,14.도움요청_775011_label.wav,0.0
3506,14.도움요청_775285_label.wav,0.0
3522,14.도움요청_777476_label.wav,0.0
3542,14.도움요청_77841_label.wav,0.0
3551,14.도움요청_779401_label.wav,0.0
3553,14.도움요청_779513_label.wav,0.0
3559,14.도움요청_779957_label.wav,0.0
3566,14.도움요청_780870_label.wav,0.0
3567,14.도움요청_780895_label.wav,0.0
3570,14.도움요청_781101_label.wav,0.0
3583,14.도움요청_781945_label.wav,0.0
3598,14.도움요청_783279_label.wav,0.0
3601,14.도움요청_783503_label.wav,0.0
3603,14.도움요청_783615_label.wav,0.0
3624,14.도움요청_785064_label.wav,0.0
3630,14.도움요청_785316_label.wav,0.0
3639,14.도움요청_786373_label.wav,0.0
3641,14.도움요청_787069_label.wav,0.0
3643,14.도움요청_787189_label.wav,0.0
3646,14.도움요청_787599_label.wav,0.0
3655,14.도움요청_789013_label.wav,0.0
3665,14.도움요청_789664_label.wav,0.0
3666,14.도움요청_789675_label.wav,0.0
3671,14.도움요청_789905_label.wav,0.0
3676,14.도움요청_790504_label.wav,0.0
3681,14.도움요청_790963_label.wav,0.0
3686,14.도움요청_791761_label.wav,0.0
3691,14.도움요청_791986_label.wav,0.0
3692,14.도움요청_792058_label.wav,0.0
3693,14.도움요청_792176_label.wav,0.0
3694,14.도움요청_792441_label.wav,0.0
3703,14.도움요청_793261_label.wav,0.0
3704,14.도움요청_793307_label.wav,0.0
3711,14.도움요청_794407_label.wav,0.0
3718,14.도움요청_800397_label.wav,0.0
3722,14.도움요청_800754_label.wav,0.0
3736,14.도움요청_802215_label.wav,0.0
3738,14.도움요청_802350_label.wav,0.0
3741,14.도움요청_80305_label.wav,0.0
3745,14.도움요청_804039_label.wav,0.0
3748,14.도움요청_804290_label.wav,0.0
3752,14.도움요청_804822_label.wav,0.0
3760,14.도움요청_805110_label.wav,0.0
3767,14.도움요청_805679_label.wav,0.0
3770,14.도움요청_805869_label.wav,0.0
3777,14.도움요청_807012_label.wav,0.0
3784,14.도움요청_807590_label.wav,0.0
3786,14.도움요청_807668_label.wav,0.0
3788,14.도움요청_807834_label.wav,0.0
3789,14.도움요청_807844_label.wav,0.0
3798,14.도움요청_808197_label.wav,0.0
3800,14.도움요청_808309_label.wav,0.0
3810,14.도움요청_808872_label.wav,0.0
3832,14.도움요청_83745_label.wav,0.0
3833,14.도움요청_83789_label.wav,0.0
3839,14.도움요청_85028_label.wav,0.0
3840,14.도움요청_85358_label.wav,0.0
3843,14.도움요청_85652_label.wav,0.0
3844,14.도움요청_86000_label.wav,0.0
3845,14.도움요청_86091_label.wav,0.0
3847,14.도움요청_86618_label.wav,0.0
3859,14.도움요청_927522_label.wav,0.0
3867,14.도움요청_959155_label.wav,0.0
3870,14.도움요청_959300_label.wav,0.0
3877,14.도움요청_961905_label.wav,0.0
3880,14.도움요청_961974_label.wav,0.0
3882,14.도움요청_962446_label.wav,0.0
3885,14.도움요청_962853_label.wav,0.0
3890,14.도움요청_962986_label.wav,0.0
3891,14.도움요청_963065_label.wav,0.0
3893,14.도움요청_963141_label.wav,0.0
3897,14.도움요청_963395_label.wav,0.0
3901,14.도움요청_963712_label.wav,0.0
3904,14.도움요청_965553_label.wav,0.0
3908,14.도움요청_966072_label.wav,0.0
3909,14.도움요청_966096_label.wav,0.0
3910,14.도움요청_966217_label.wav,0.0
3916,14.도움요청_967076_label.wav,0.0
3917,14.도움요청_967197_label.wav,0.0
3922,14.도움요청_967303_label.wav,0.0
3923,14.도움요청_967342_label.wav,0.0
3924,14.도움요청_967417_label.wav,0.0
3940,14.도움요청_968975_label.wav,0.0
3950,14.도움요청_969920_label.wav,0.0
3965,14.도움요청_971808_label.wav,0.0
3970,14.도움요청_972403_label.wav,0.0
3971,14.도움요청_972413_label.wav,0.0
4000,2.강도범죄_1244385_label.wav,0.0
4001,2.강도범죄_1244388_label.wav,0.0
4002,2.강도범죄_1244399_label.wav,0.0
4004,2.강도범죄_1244423_label.wav,0.0
4005,2.강도범죄_1244424_label.wav,0.0
4006,2.강도범죄_1244435_label.wav,0.0
4007,2.강도범죄_1244446_label.wav,0.0
4009,2.강도범죄_1244465_label.wav,0.0
4010,2.강도범죄_1244471_label.wav,0.0
4011,2.강도범죄_1244475_label.wav,0.0
4015,2.강도범죄_1244523_label.wav,0.0
4017,2.강도범죄_1244563_label.wav,0.0
4018,2.강도범죄_1244570_label.wav,0.0
4019,2.강도범죄_1244575_label.wav,0.0
4020,2.강도범죄_1244581_label.wav,0.0
4021,2.강도범죄_1244587_label.wav,0.0
4022,2.강도범죄_1244605_label.wav,0.0
4023,2.강도범죄_1244606_label.wav,0.0
4024,2.강도범죄_1244611_label.wav,0.0
4025,2.강도범죄_1244614_label.wav,0.0
4027,2.강도범죄_1244630_label.wav,0.0
4028,2.강도범죄_1244648_label.wav,0.0
4029,2.강도범죄_1244654_label.wav,0.0
4030,2.강도범죄_1244664_label.wav,0.0
4032,2.강도범죄_1244688_label.wav,0.0
4033,2.강도범죄_1244693_label.wav,0.0
4034,2.강도범죄_1244701_label.wav,0.0
4036,2.강도범죄_1244721_label.wav,0.0
4038,2.강도범죄_1244756_label.wav,0.0
4039,2.강도범죄_1244770_label.wav,0.0
4040,2.강도범죄_1244774_label.wav,0.0
4042,2.강도범죄_1244781_label.wav,0.0
4043,2.강도범죄_1244786_label.wav,0.0
4044,2.강도범죄_1244792_label.wav,0.0
4045,2.강도범죄_1244807_label.wav,0.0
4048,2.강도범죄_1244846_label.wav,0.0
4049,2.강도범죄_1244847_label.wav,0.0
4052,2.강도범죄_1244885_label.wav,0.0
4053,2.강도범죄_1244886_label.wav,0.0
4054,2.강도범죄_1244898_label.wav,0.0
4055,2.강도범죄_1244899_label.wav,0.0
4056,2.강도범죄_1244900_label.wav,0.0
4063,2.강도범죄_1244945_label.wav,0.0
4064,2.강도범죄_1244949_label.wav,0.0
4066,2.강도범죄_1244957_label.wav,0.0
4067,2.강도범죄_1244972_label.wav,0.0
4068,2.강도범죄_1244976_label.wav,0.0
4069,2.강도범죄_1244980_label.wav,0.0
4072,2.강도범죄_1244989_label.wav,0.0
4074,2.강도범죄_1245017_label.wav,0.0
4075,2.강도범죄_1245018_label.wav,0.0
4076,2.강도범죄_1245033_label.wav,0.0
4077,2.강도범죄_1245050_label.wav,0.0
4079,2.강도범죄_1245079_label.wav,0.0
4080,2.강도범죄_1245080_label.wav,0.0
4083,2.강도범죄_1245099_label.wav,0.0
4085,2.강도범죄_1245104_label.wav,0.0
4086,2.강도범죄_1245114_label.wav,0.0
4088,2.강도범죄_1245136_label.wav,0.0
4089,2.강도범죄_1245143_label.wav,0.0
4090,2.강도범죄_1245146_label.wav,0.0
4091,2.강도범죄_1245147_label.wav,0.0
4092,2.강도범죄_1245158_label.wav,0.0
4093,2.강도범죄_1245169_label.wav,0.0
4097,2.강도범죄_1245232_label.wav,0.0
4098,2.강도범죄_1245244_label.wav,0.0
4100,2.강도범죄_1245261_label.wav,0.0
4101,2.강도범죄_1245263_label.wav,0.0
4102,2.강도범죄_1245264_label.wav,0.0
4103,2.강도범죄_1245268_label.wav,0.0
4104,2.강도범죄_1245270_label.wav,0.0
4106,2.강도범죄_1245291_label.wav,0.0
4107,2.강도범죄_1245323_label.wav,0.0
4108,2.강도범죄_1245331_label.wav,0.0
4110,2.강도범죄_1245344_label.wav,0.0
4113,2.강도범죄_1245375_label.wav,0.0
4114,2.강도범죄_1245378_label.wav,0.0
4119,2.강도범죄_1245491_label.wav,0.0
4120,2.강도범죄_1245494_label.wav,0.0
4122,2.강도범죄_1245509_label.wav,0.0
4124,2.강도범죄_1245544_label.wav,0.0
4125,2.강도범죄_1245554_label.wav,0.0
4126,2.강도범죄_1245569_label.wav,0.0
4127,2.강도범죄_1245572_label.wav,0.0
4129,2.강도범죄_1245587_label.wav,0.0
4131,2.강도범죄_1245634_label.wav,0.0
4133,2.강도범죄_1245647_label.wav,0.0
4134,2.강도범죄_1245663_label.wav,0.0
4135,2.강도범죄_1245664_label.wav,0.0
4137,2.강도범죄_1245676_label.wav,0.0
4138,2.강도범죄_1245703_label.wav,0.0
4140,2.강도범죄_1245718_label.wav,0.0
4141,2.강도범죄_1245728_label.wav,0.0
4142,2.강도범죄_1245733_label.wav,0.0
4143,2.강도범죄_1245747_label.wav,0.0
4145,2.강도범죄_1245768_label.wav,0.0
4148,2.강도범죄_1245809_label.wav,0.0
4149,2.강도범죄_1245811_label.wav,0.0
4151,2.강도범죄_1245849_label.wav,0.0
4153,2.강도범죄_1245894_label.wav,0.0
4154,2.강도범죄_1245910_label.wav,0.0
4155,2.강도범죄_1245911_label.wav,0.0
4156,2.강도범죄_1245913_label.wav,0.0
4157,2.강도범죄_1245937_label.wav,0.0
4158,2.강도범죄_1245946_label.wav,0.0
4159,2.강도범죄_1245954_label.wav,0.0
4161,2.강도범죄_1245974_label.wav,0.0
4162,2.강도범죄_1245975_label.wav,0.0
4163,2.강도범죄_1245976_label.wav,0.0
4164,2.강도범죄_1245977_label.wav,0.0
4165,2.강도범죄_1245984_label.wav,0.0
4166,2.강도범죄_1245990_label.wav,0.0
4168,2.강도범죄_1246020_label.wav,0.0
4169,2.강도범죄_1246022_label.wav,0.0
4170,2.강도범죄_1246024_label.wav,0.0
4171,2.강도범죄_1246031_label.wav,0.0
4174,2.강도범죄_1246059_label.wav,0.0
4175,2.강도범죄_1246063_label.wav,0.0
4176,2.강도범죄_1246068_label.wav,0.0
4177,2.강도범죄_1246083_label.wav,0.0
4178,2.강도범죄_1246095_label.wav,0.0
4179,2.강도범죄_1246102_label.wav,0.0
4181,2.강도범죄_1246108_label.wav,0.0
4182,2.강도범죄_1246123_label.wav,0.0
4183,2.강도범죄_1246133_label.wav,0.0
4184,2.강도범죄_1246167_label.wav,0.0
4186,2.강도범죄_1246204_label.wav,0.0
4187,2.강도범죄_1246208_label.wav,0.0
4188,2.강도범죄_1246209_label.wav,0.0
4195,2.강도범죄_1246263_label.wav,0.0
4196,2.강도범죄_1246276_label.wav,0.0
4197,2.강도범죄_1246296_label.wav,0.0
4198,2.강도범죄_1246298_label.wav,0.0
4201,2.강도범죄_352380_label.wav,0.0
4212,2.강도범죄_353515_label.wav,0.0
4213,2.강도범죄_353550_label.wav,0.0
4240,2.강도범죄_357389_label.wav,0.0
4250,2.강도범죄_358737_label.wav,0.0
4251,2.강도범죄_358798_label.wav,0.0
4259,2.강도범죄_359551_label.wav,0.0
4266,2.강도범죄_360497_label.wav,0.0
4267,2.강도범죄_360513_label.wav,0.0
4275,2.강도범죄_360979_label.wav,0.0
4276,2.강도범죄_360987_label.wav,0.0
4279,2.강도범죄_361215_label.wav,0.0
4280,2.강도범죄_361342_label.wav,0.0
4282,2.강도범죄_361586_label.wav,0.0
4287,2.강도범죄_361879_label.wav,0.0
4291,2.강도범죄_362058_label.wav,0.0
4299,2.강도범죄_362473_label.wav,0.0
4311,2.강도범죄_363282_label.wav,0.0
4334,2.강도범죄_364876_label.wav,0.0
4336,2.강도범죄_365040_label.wav,0.0
4341,2.강도범죄_365201_label.wav,0.0
4352,2.강도범죄_366132_label.wav,0.0
4363,2.강도범죄_366865_label.wav,0.0
4365,2.강도범죄_366908_label.wav,0.0
4367,2.강도범죄_367021_label.wav,0.0
4369,2.강도범죄_367140_label.wav,0.0
4387,2.강도범죄_368272_label.wav,0.0
4390,2.강도범죄_368506_label.wav,0.0
4395,2.강도범죄_369167_label.wav,0.0
4407,2.강도범죄_370165_label.wav,0.0
4408,2.강도범죄_370189_label.wav,0.0
4412,2.강도범죄_370330_label.wav,0.0
4416,2.강도범죄_370484_label.wav,0.0
4420,2.강도범죄_370567_label.wav,0.0
4423,2.강도범죄_370677_label.wav,0.0
4427,2.강도범죄_370793_label.wav,0.0
4428,2.강도범죄_370906_label.wav,0.0
4436,2.강도범죄_371593_label.wav,0.0
4439,2.강도범죄_371668_label.wav,0.0
4442,2.강도범죄_371768_label.wav,0.0
4445,2.강도범죄_371865_label.wav,0.0
4450,2.강도범죄_372154_label.wav,0.0
4451,2.강도범죄_372193_label.wav,0.0
4454,2.강도범죄_372388_label.wav,0.0
4455,2.강도범죄_372439_label.wav,0.0
4456,2.강도범죄_372500_label.wav,0.0
4463,2.강도범죄_372819_label.wav,0.0
4469,2.강도범죄_373200_label.wav,0.0
4470,2.강도범죄_373495_label.wav,0.0
4472,2.강도범죄_373519_label.wav,0.0
4475,2.강도범죄_373664_label.wav,0.0
4489,2.강도범죄_374847_label.wav,0.0
4493,2.강도범죄_375148_label.wav,0.0
4497,2.강도범죄_375316_label.wav,0.0
4506,2.강도범죄_375752_label.wav,0.0
4510,2.강도범죄_375969_label.wav,0.0
4514,2.강도범죄_376284_label.wav,0.0
4515,2.강도범죄_376307_label.wav,0.0
4521,2.강도범죄_376768_label.wav,0.0
4524,2.강도범죄_376970_label.wav,0.0
4525,2.강도범죄_376976_label.wav,0.0
4528,2.강도범죄_377135_label.wav,0.0
4533,2.강도범죄_378145_label.wav,0.0
4549,2.강도범죄_379031_label.wav,0.0
4551,2.강도범죄_379083_label.wav,0.0
4554,2.강도범죄_379154_label.wav,0.0
4555,2.강도범죄_379156_label.wav,0.0
4559,2.강도범죄_379232_label.wav,0.0
4560,2.강도범죄_379283_label.wav,0.0
4563,2.강도범죄_379426_label.wav,0.0
4567,2.강도범죄_379601_label.wav,0.0
4574,2.강도범죄_379847_label.wav,0.0
4579,2.강도범죄_380110_label.wav,0.0
4582,2.강도범죄_380236_label.wav,0.0
4590,2.강도범죄_380505_label.wav,0.0
4592,2.강도범죄_380559_label.wav,0.0
4597,2.강도범죄_380737_label.wav,0.0
4606,2.강도범죄_381119_label.wav,0.0
4608,2.강도범죄_381246_label.wav,0.0
4611,2.강도범죄_381285_label.wav,0.0
4612,2.강도범죄_381288_label.wav,0.0
4617,2.강도범죄_381520_label.wav,0.0
4620,2.강도범죄_381704_label.wav,0.0
4636,2.강도범죄_382184_label.wav,0.0
4645,2.강도범죄_382818_label.wav,0.0
4653,2.강도범죄_385597_label.wav,0.0
4657,2.강도범죄_385723_label.wav,0.0
4659,2.강도범죄_385792_label.wav,0.0
4661,2.강도범죄_385826_label.wav,0.0
4664,2.강도범죄_385914_label.wav,0.0
4674,2.강도범죄_386159_label.wav,0.0
4678,2.강도범죄_386398_label.wav,0.0
4679,2.강도범죄_386417_label.wav,0.0
4680,2.강도범죄_386456_label.wav,0.0
4681,2.강도범죄_386465_label.wav,0.0
4686,2.강도범죄_386669_label.wav,0.0
4687,2.강도범죄_386712_label.wav,0.0
4698,2.강도범죄_387126_label.wav,0.0
4702,2.강도범죄_387224_label.wav,0.0
4710,2.강도범죄_387666_label.wav,0.0
4714,2.강도범죄_387838_label.wav,0.0
4717,2.강도범죄_387963_label.wav,0.0
4718,2.강도범죄_388027_label.wav,0.0
4720,2.강도범죄_388059_label.wav,0.0
4727,2.강도범죄_388523_label.wav,0.0
4736,2.강도범죄_389169_label.wav,0.0
4739,2.강도범죄_389335_label.wav,0.0
4741,2.강도범죄_389382_label.wav,0.0
4742,2.강도범죄_389384_label.wav,0.0
4745,2.강도범죄_389637_label.wav,0.0
4748,2.강도범죄_389754_label.wav,0.0
4753,2.강도범죄_389966_label.wav,0.0
4756,2.강도범죄_390134_label.wav,0.0
4757,2.강도범죄_390149_label.wav,0.0
4766,2.강도범죄_390570_label.wav,0.0
4769,2.강도범죄_390787_label.wav,0.0
4770,2.강도범죄_390839_label.wav,0.0
4773,2.강도범죄_390999_label.wav,0.0
4774,2.강도범죄_391073_label.wav,0.0
4778,2.강도범죄_391252_label.wav,0.0
4782,2.강도범죄_391521_label.wav,0.0
4800,2.강도범죄_392083_label.wav,0.0
4803,2.강도범죄_392225_label.wav,0.0
4814,2.강도범죄_392579_label.wav,0.0
4818,2.강도범죄_392884_label.wav,0.0
4819,2.강도범죄_392962_label.wav,0.0
4823,2.강도범죄_393075_label.wav,0.0
4824,2.강도범죄_393223_label.wav,0.0
4833,2.강도범죄_393579_label.wav,0.0
4840,2.강도범죄_393977_label.wav,0.0
4843,2.강도범죄_394312_label.wav,0.0
4845,2.강도범죄_394457_label.wav,0.0
4850,2.강도범죄_394710_label.wav,0.0
4854,2.강도범죄_395309_label.wav,0.0
4856,2.강도범죄_395617_label.wav,0.0
4857,2.강도범죄_395660_label.wav,0.0
4860,2.강도범죄_395914_label.wav,0.0
4871,2.강도범죄_396512_label.wav,0.0
4874,2.강도범죄_396784_label.wav,0.0
4878,2.강도범죄_397055_label.wav,0.0
4881,2.강도범죄_397119_label.wav,0.0
4885,2.강도범죄_397283_label.wav,0.0
4890,2.강도범죄_398286_label.wav,0.0
4894,2.강도범죄_398645_label.wav,0.0
4908,2.강도범죄_399493_label.wav,0.0
4909,2.강도범죄_399525_label.wav,0.0
4911,2.강도범죄_399584_label.wav,0.0
4912,2.강도범죄_399589_label.wav,0.0
4913,2.강도범죄_399703_label.wav,0.0
4916,2.강도범죄_399995_label.wav,0.0
4919,2.강도범죄_400376_label.wav,0.0
4921,2.강도범죄_400750_label.wav,0.0
4924,2.강도범죄_401110_label.wav,0.0
4928,2.강도범죄_401272_label.wav,0.0
4932,2.강도범죄_401534_label.wav,0.0
4935,2.강도범죄_401663_label.wav,0.0
4943,2.강도범죄_402255_label.wav,0.0
4944,2.강도범죄_402345_label.wav,0.0
4945,2.강도범죄_402524_label.wav,0.0
4948,2.강도범죄_402712_label.wav,0.0
4953,2.강도범죄_402987_label.wav,0.0
4956,2.강도범죄_403160_label.wav,0.0
4962,2.강도범죄_403706_label.wav,0.0
4964,2.강도범죄_403900_label.wav,0.0
4971,2.강도범죄_405187_label.wav,0.0
4973,2.강도범죄_405230_label.wav,0.0
4981,2.강도범죄_406109_label.wav,0.0
4982,2.강도범죄_406120_label.wav,0.0
4986,2.강도범죄_406364_label.wav,0.0
4987,2.강도범죄_406439_label.wav,0.0
4990,2.강도범죄_406556_label.wav,0.0
5005,2.강도범죄_407859_label.wav,0.0
5010,2.강도범죄_408535_label.wav,0.0
5012,2.강도범죄_408624_label.wav,0.0
5021,2.강도범죄_409170_label.wav,0.0
5029,2.강도범죄_409738_label.wav,0.0
5030,2.강도범죄_409797_label.wav,0.0
5034,2.강도범죄_410311_label.wav,0.0
5042,2.강도범죄_411198_label.wav,0.0
5043,2.강도범죄_411414_label.wav,0.0
5049,2.강도범죄_412053_label.wav,0.0
5052,2.강도범죄_412194_label.wav,0.0
5057,2.강도범죄_412781_label.wav,0.0
5058,2.강도범죄_412792_label.wav,0.0
5060,2.강도범죄_412969_label.wav,0.0
5061,2.강도범죄_412986_label.wav,0.0
5064,2.강도범죄_413113_label.wav,0.0
5065,2.강도범죄_413193_label.wav,0.0
5066,2.강도범죄_413264_label.wav,0.0
5068,2.강도범죄_413970_label.wav,0.0
5069,2.강도범죄_414091_label.wav,0.0
5072,2.강도범죄_414413_label.wav,0.0
5076,2.강도범죄_414774_label.wav,0.0
5077,2.강도범죄_414899_label.wav,0.0
5079,2.강도범죄_415240_label.wav,0.0
5090,2.강도범죄_416741_label.wav,0.0
5092,2.강도범죄_416908_label.wav,0.0
5093,2.강도범죄_416923_label.wav,0.0
5097,2.강도범죄_417269_label.wav,0.0
5100,2.강도범죄_417724_label.wav,0.0
5101,2.강도범죄_417839_label.wav,0.0
5107,2.강도범죄_418335_label.wav,0.0
5112,2.강도범죄_418740_label.wav,0.0
5113,2.강도범죄_418852_label.wav,0.0
5117,2.강도범죄_419154_label.wav,0.0
5126,2.강도범죄_419865_label.wav,0.0
5127,2.강도범죄_419954_label.wav,0.0
5128,2.강도범죄_419961_label.wav,0.0
5135,2.강도범죄_420952_label.wav,0.0
5139,2.강도범죄_421400_label.wav,0.0
5147,2.강도범죄_421814_label.wav,0.0
5148,2.강도범죄_421841_label.wav,0.0
5157,2.강도범죄_422722_label.wav,0.0
5160,2.강도범죄_422894_label.wav,0.0
5172,2.강도범죄_423343_label.wav,0.0
5188,2.강도범죄_424200_label.wav,0.0
5189,2.강도범죄_424202_label.wav,0.0
5193,2.강도범죄_424357_label.wav,0.0
5195,2.강도범죄_424440_label.wav,0.0
5199,2.강도범죄_424677_label.wav,0.0
5215,2.강도범죄_425364_label.wav,0.0
5216,2.강도범죄_425401_label.wav,0.0
5217,2.강도범죄_425421_label.wav,0.0
5221,2.강도범죄_425522_label.wav,0.0
5224,2.강도범죄_425614_label.wav,0.0
5229,2.강도범죄_425800_label.wav,0.0
5231,2.강도범죄_425869_label.wav,0.0
5236,2.강도범죄_426095_label.wav,0.0
5242,2.강도범죄_426537_label.wav,0.0
5250,2.강도범죄_426891_label.wav,0.0
5251,2.강도범죄_426893_label.wav,0.0
5253,2.강도범죄_427329_label.wav,0.0
5257,2.강도범죄_427450_label.wav,0.0
5258,2.강도범죄_427453_label.wav,0.0
5265,2.강도범죄_427908_label.wav,0.0
5272,2.강도범죄_428462_label.wav,0.0
5274,2.강도범죄_428697_label.wav,0.0
5276,2.강도범죄_428857_label.wav,0.0
5283,2.강도범죄_429082_label.wav,0.0
5286,2.강도범죄_429314_label.wav,0.0
5292,2.강도범죄_429673_label.wav,0.0
5294,2.강도범죄_429850_label.wav,0.0
5298,2.강도범죄_430015_label.wav,0.0
5301,2.강도범죄_430367_label.wav,0.0
5304,2.강도범죄_430489_label.wav,0.0
5305,2.강도범죄_430639_label.wav,0.0
5308,2.강도범죄_430758_label.wav,0.0
5323,2.강도범죄_432003_label.wav,0.0
5324,2.강도범죄_432009_label.wav,0.0
5325,2.강도범죄_432041_label.wav,0.0
5327,2.강도범죄_432231_label.wav,0.0
5331,2.강도범죄_432565_label.wav,0.0
5336,2.강도범죄_432879_label.wav,0.0
5341,2.강도범죄_433202_label.wav,0.0
5353,2.강도범죄_433686_label.wav,0.0
5358,2.강도범죄_434006_label.wav,0.0
5362,2.강도범죄_434119_label.wav,0.0
5366,2.강도범죄_652960_label.wav,0.0
5370,2.강도범죄_653004_label.wav,0.0
5372,2.강도범죄_653039_label.wav,0.0
5373,2.강도범죄_653044_label.wav,0.0
5374,2.강도범죄_653053_label.wav,0.0
5375,2.강도범죄_653056_label.wav,0.0
5376,2.강도범죄_653060_label.wav,0.0
5377,2.강도범죄_653069_label.wav,0.0
5378,2.강도범죄_653142_label.wav,0.0
5380,2.강도범죄_653163_label.wav,0.0
5381,2.강도범죄_653186_label.wav,0.0
5384,2.강도범죄_653222_label.wav,0.0
5385,2.강도범죄_653227_label.wav,0.0
5386,2.강도범죄_653246_label.wav,0.0
5388,2.강도범죄_653272_label.wav,0.0
5389,2.강도범죄_653281_label.wav,0.0
5395,2.강도범죄_653394_label.wav,0.0
5396,2.강도범죄_933803_label.wav,0.0
5400,2.강도범죄_933839_label.wav,0.0
5401,2.강도범죄_933854_label.wav,0.0
5404,2.강도범죄_933875_label.wav,0.0
5406,2.강도범죄_933883_label.wav,0.0
5407,2.강도범죄_933888_label.wav,0.0
5409,2.강도범죄_933916_label.wav,0.0
5411,2.강도범죄_933946_label.wav,0.0
5413,2.강도범죄_933975_label.wav,0.0
5415,2.강도범죄_934000_label.wav,0.0
5418,2.강도범죄_934027_label.wav,0.0
5422,2.강도범죄_934099_label.wav,0.0
5425,2.강도범죄_934106_label.wav,0.0
5426,2.강도범죄_934111_label.wav,0.0
5427,2.강도범죄_934126_label.wav,0.0
5428,2.강도범죄_934142_label.wav,0.0
5434,2.강도범죄_934224_label.wav,0.0
5435,2.강도범죄_934234_label.wav,0.0
5440,2.강도범죄_934281_label.wav,0.0
5441,2.강도범죄_936011_label.wav,0.0
5442,2.강도범죄_936039_label.wav,0.0
5443,2.강도범죄_936043_label.wav,0.0
5444,2.강도범죄_936050_label.wav,0.0
5445,2.강도범죄_936065_label.wav,0.0
5450,2.강도범죄_936213_label.wav,0.0
5452,2.강도범죄_936286_label.wav,0.0
5453,2.강도범죄_936290_label.wav,0.0
5455,2.강도범죄_936304_label.wav,0.0
5457,2.강도범죄_936343_label.wav,0.0
5458,2.강도범죄_936352_label.wav,0.0
5464,2.강도범죄_936406_label.wav,0.0
5465,2.강도범죄_936410_label.wav,0.0
5466,2.강도범죄_936411_label.wav,0.0
5469,2.강도범죄_936435_label.wav,0.0
5472,2.강도범죄_936516_label.wav,0.0
5474,2.강도범죄_936532_label.wav,0.0
5475,2.강도범죄_936541_label.wav,0.0
5476,2.강도범죄_936545_label.wav,0.0
5477,2.강도범죄_936566_label.wav,0.0
5478,2.강도범죄_936576_label.wav,0.0
5479,2.강도범죄_936596_label.wav,0.0
5482,2.강도범죄_937729_label.wav,0.0
5483,2.강도범죄_937745_label.wav,0.0
5484,2.강도범죄_937753_label.wav,0.0
5488,2.강도범죄_937810_label.wav,0.0
5490,2.강도범죄_937819_label.wav,0.0
5491,2.강도범죄_937832_label.wav,0.0
5493,2.강도범죄_937860_label.wav,0.0
5497,2.강도범죄_937901_label.wav,0.0
5498,2.강도범죄_937916_label.wav,0.0
5501,2.강도범죄_937950_label.wav,0.0
5503,2.강도범죄_937973_label.wav,0.0
5504,2.강도범죄_937978_label.wav,0.0
5505,2.강도범죄_937982_label.wav,0.0
5506,2.강도범죄_938002_label.wav,0.0
5507,2.강도범죄_938003_label.wav,0.0
5510,2.강도범죄_938033_label.wav,0.0
5511,2.강도범죄_938034_label.wav,0.0
5513,2.강도범죄_938038_label.wav,0.0
5518,2.강도범죄_938142_label.wav,0.0
5521,2.강도범죄_938186_label.wav,0.0
5522,2.강도범죄_938201_label.wav,0.0
5523,2.강도범죄_938202_label.wav,0.0
5524,2.강도범죄_938203_label.wav,0.0
5525,2.강도범죄_938205_label.wav,0.0
5526,2.강도범죄_938215_label.wav,0.0
5538,2.강도범죄_938415_label.wav,0.0
5543,2.강도범죄_938468_label.wav,0.0
5544,2.강도범죄_938506_label.wav,0.0
5546,2.강도범죄_938535_label.wav,0.0
5549,2.강도범죄_938563_label.wav,0.0
5550,2.강도범죄_938593_label.wav,0.0
5551,2.강도범죄_938608_label.wav,0.0
5554,2.강도범죄_938638_label.wav,0.0
5556,2.강도범죄_938648_label.wav,0.0
5557,2.강도범죄_938652_label.wav,0.0
5558,2.강도범죄_938668_label.wav,0.0
5561,2.강도범죄_938700_label.wav,0.0
5566,2.강도범죄_938776_label.wav,0.0
5569,2.강도범죄_938819_label.wav,0.0
5570,2.강도범죄_938839_label.wav,0.0
5572,2.강도범죄_938861_label.wav,0.0
5573,2.강도범죄_938864_label.wav,0.0
5575,2.강도범죄_938906_label.wav,0.0
5577,2.강도범죄_938940_label.wav,0.0
5591,2.강도범죄_943187_label.wav,0.0
5592,2.강도범죄_943190_label.wav,0.0
5601,2.강도범죄_943246_label.wav,0.0
5633,2.강도범죄_943599_label.wav,0.0
5653,2.강도범죄_943788_label.wav,0.0
5658,2.강도범죄_943841_label.wav,0.0
5672,2.강도범죄_943956_label.wav,0.0
5679,2.강도범죄_944050_label.wav,0.0
5680,2.강도범죄_944057_label.wav,0.0
5692,2.강도범죄_944174_label.wav,0.0
5728,2.강도범죄_944659_label.wav,0.0
5729,2.강도범죄_944673_label.wav,0.0
5750,2.강도범죄_944891_label.wav,0.0
5758,2.강도범죄_944984_label.wav,0.0
5777,2.강도범죄_945169_label.wav,0.0
5783,2.강도범죄_945250_label.wav,0.0
5790,2.강도범죄_945319_label.wav,0.0
5795,2.강도범죄_945355_label.wav,0.0
5796,2.강도범죄_945367_label.wav,0.0
5801,2.강도범죄_945398_label.wav,0.0
5822,2.강도범죄_945615_label.wav,0.0
5823,2.강도범죄_945616_label.wav,0.0
5830,2.강도범죄_945673_label.wav,0.0
5845,2.강도범죄_945764_label.wav,0.0
5848,2.강도범죄_945780_label.wav,0.0
5849,2.강도범죄_945791_label.wav,0.0
5851,2.강도범죄_945812_label.wav,0.0
5856,2.강도범죄_945853_label.wav,0.0
5857,2.강도범죄_945872_label.wav,0.0
5875,2.강도범죄_946123_label.wav,0.0
5933,2.강도범죄_946906_label.wav,0.0
5948,2.강도범죄_947109_label.wav,0.0
5956,2.강도범죄_947237_label.wav,0.0
5957,2.강도범죄_947245_label.wav,0.0
5961,2.강도범죄_947303_label.wav,0.0
5965,2.강도범죄_947346_label.wav,0.0
5967,2.강도범죄_947363_label.wav,0.0
5975,2.강도범죄_947457_label.wav,0.0
5976,2.강도범죄_947468_label.wav,0.0
5980,2.강도범죄_947516_label.wav,0.0
5981,2.강도범죄_947531_label.wav,0.0
5982,2.강도범죄_947544_label.wav,0.0
5991,2.강도범죄_947676_label.wav,0.0
5992,2.강도범죄_947686_label.wav,0.0
6000,3.절도범죄_1237924_label.wav,0.0
6001,3.절도범죄_1237934_label.wav,0.0
6002,3.절도범죄_1237944_label.wav,0.0
6003,3.절도범죄_1237948_label.wav,0.0
6004,3.절도범죄_1237950_label.wav,0.0
6005,3.절도범죄_1237957_label.wav,0.0
6006,3.절도범죄_1237973_label.wav,0.0
6007,3.절도범죄_1237974_label.wav,0.0
6009,3.절도범죄_1237987_label.wav,0.0
6010,3.절도범죄_1237992_label.wav,0.0
6011,3.절도범죄_1237995_label.wav,0.0
6014,3.절도범죄_1238009_label.wav,0.0
6015,3.절도범죄_1238011_label.wav,0.0
6016,3.절도범죄_1238023_label.wav,0.0
6017,3.절도범죄_1238025_label.wav,0.0
6019,3.절도범죄_1238047_label.wav,0.0
6021,3.절도범죄_1238072_label.wav,0.0
6023,3.절도범죄_1238076_label.wav,0.0
6024,3.절도범죄_1238082_label.wav,0.0
6025,3.절도범죄_1238085_label.wav,0.0
6026,3.절도범죄_1238087_label.wav,0.0
6027,3.절도범죄_1238090_label.wav,0.0
6029,3.절도범죄_1238102_label.wav,0.0
6031,3.절도범죄_1238107_label.wav,0.0
6032,3.절도범죄_1238112_label.wav,0.0
6036,3.절도범죄_1238126_label.wav,0.0
6039,3.절도범죄_1238156_label.wav,0.0
6040,3.절도범죄_1238158_label.wav,0.0
6042,3.절도범죄_1238173_label.wav,0.0
6044,3.절도범죄_1238178_label.wav,0.0
6045,3.절도범죄_1238184_label.wav,0.0
6046,3.절도범죄_1238191_label.wav,0.0
6048,3.절도범죄_1238204_label.wav,0.0
6049,3.절도범죄_1238205_label.wav,0.0
6050,3.절도범죄_1238211_label.wav,0.0
6051,3.절도범죄_1238218_label.wav,0.0
6053,3.절도범죄_1238244_label.wav,0.0
6057,3.절도범죄_1238264_label.wav,0.0
6058,3.절도범죄_1238285_label.wav,0.0
6059,3.절도범죄_1238287_label.wav,0.0
6065,3.절도범죄_1238341_label.wav,0.0
6066,3.절도범죄_1238374_label.wav,0.0
6067,3.절도범죄_1238390_label.wav,0.0
6068,3.절도범죄_1238406_label.wav,0.0
6070,3.절도범죄_1238423_label.wav,0.0
6072,3.절도범죄_1238429_label.wav,0.0
6075,3.절도범죄_1238491_label.wav,0.0
6076,3.절도범죄_1238506_label.wav,0.0
6077,3.절도범죄_1238528_label.wav,0.0
6078,3.절도범죄_1238535_label.wav,0.0
6079,3.절도범죄_1238538_label.wav,0.0
6080,3.절도범죄_1238541_label.wav,0.0
6081,3.절도범죄_1238545_label.wav,0.0
6082,3.절도범죄_1238551_label.wav,0.0
6083,3.절도범죄_1238560_label.wav,0.0
6085,3.절도범죄_1238575_label.wav,0.0
6088,3.절도범죄_1238617_label.wav,0.0
6089,3.절도범죄_1238622_label.wav,0.0
6090,3.절도범죄_1238624_label.wav,0.0
6092,3.절도범죄_1238649_label.wav,0.0
6093,3.절도범죄_1238662_label.wav,0.0
6094,3.절도범죄_1238681_label.wav,0.0
6096,3.절도범죄_1238705_label.wav,0.0
6098,3.절도범죄_1238709_label.wav,0.0
6099,3.절도범죄_1238713_label.wav,0.0
6100,3.절도범죄_1238714_label.wav,0.0
6103,3.절도범죄_1238737_label.wav,0.0
6104,3.절도범죄_1238740_label.wav,0.0
6105,3.절도범죄_1238746_label.wav,0.0
6106,3.절도범죄_1238752_label.wav,0.0
6109,3.절도범죄_1238783_label.wav,0.0
6111,3.절도범죄_1238793_label.wav,0.0
6112,3.절도범죄_1238797_label.wav,0.0
6113,3.절도범죄_1238802_label.wav,0.0
6114,3.절도범죄_1238803_label.wav,0.0
6117,3.절도범죄_1238826_label.wav,0.0
6119,3.절도범죄_1238834_label.wav,0.0
6120,3.절도범죄_1238846_label.wav,0.0
6122,3.절도범죄_1238862_label.wav,0.0
6124,3.절도범죄_1238874_label.wav,0.0
6126,3.절도범죄_1238908_label.wav,0.0
6128,3.절도범죄_1238919_label.wav,0.0
6129,3.절도범죄_1238944_label.wav,0.0
6130,3.절도범죄_1238950_label.wav,0.0
6132,3.절도범죄_1238967_label.wav,0.0
6133,3.절도범죄_1238970_label.wav,0.0
6134,3.절도범죄_1238972_label.wav,0.0
6136,3.절도범죄_1238996_label.wav,0.0
6138,3.절도범죄_1239013_label.wav,0.0
6140,3.절도범죄_1239036_label.wav,0.0
6142,3.절도범죄_1239047_label.wav,0.0
6143,3.절도범죄_1239060_label.wav,0.0
6145,3.절도범죄_1239064_label.wav,0.0
6146,3.절도범죄_1239074_label.wav,0.0
6147,3.절도범죄_1239077_label.wav,0.0
6149,3.절도범죄_1239119_label.wav,0.0
6150,3.절도범죄_1239120_label.wav,0.0
6151,3.절도범죄_1239139_label.wav,0.0
6152,3.절도범죄_1239142_label.wav,0.0
6153,3.절도범죄_1239147_label.wav,0.0
6154,3.절도범죄_1239151_label.wav,0.0
6155,3.절도범죄_1239157_label.wav,0.0
6156,3.절도범죄_1239165_label.wav,0.0
6157,3.절도범죄_1239175_label.wav,0.0
6159,3.절도범죄_1239178_label.wav,0.0
6160,3.절도범죄_1239180_label.wav,0.0
6162,3.절도범죄_1239186_label.wav,0.0
6163,3.절도범죄_1239199_label.wav,0.0
6164,3.절도범죄_1239208_label.wav,0.0
6165,3.절도범죄_1239209_label.wav,0.0
6166,3.절도범죄_1239216_label.wav,0.0
6167,3.절도범죄_1239226_label.wav,0.0
6171,3.절도범죄_1239252_label.wav,0.0
6172,3.절도범죄_1239278_label.wav,0.0
6174,3.절도범죄_1239288_label.wav,0.0
6175,3.절도범죄_1239289_label.wav,0.0
6176,3.절도범죄_1239292_label.wav,0.0
6180,3.절도범죄_1239337_label.wav,0.0
6183,3.절도범죄_1239360_label.wav,0.0
6184,3.절도범죄_1239368_label.wav,0.0
6185,3.절도범죄_1239379_label.wav,0.0
6186,3.절도범죄_1239381_label.wav,0.0
6187,3.절도범죄_1239405_label.wav,0.0
6188,3.절도범죄_1239408_label.wav,0.0
6189,3.절도범죄_1239412_label.wav,0.0
6190,3.절도범죄_1239420_label.wav,0.0
6191,3.절도범죄_1239432_label.wav,0.0
6193,3.절도범죄_1239440_label.wav,0.0
6194,3.절도범죄_1239444_label.wav,0.0
6195,3.절도범죄_1239447_label.wav,0.0
6196,3.절도범죄_1239469_label.wav,0.0
6197,3.절도범죄_1239472_label.wav,0.0
6198,3.절도범죄_1239473_label.wav,0.0
6199,3.절도범죄_1239477_label.wav,0.0
6200,3.절도범죄_1239478_label.wav,0.0
6201,3.절도범죄_1239489_label.wav,0.0
6202,3.절도범죄_1239493_label.wav,0.0
6204,3.절도범죄_1239510_label.wav,0.0
6205,3.절도범죄_1239537_label.wav,0.0
6206,3.절도범죄_1239566_label.wav,0.0
6207,3.절도범죄_1239575_label.wav,0.0
6208,3.절도범죄_1239587_label.wav,0.0
6209,3.절도범죄_1239589_label.wav,0.0
6213,3.절도범죄_1239595_label.wav,0.0
6214,3.절도범죄_1239597_label.wav,0.0
6215,3.절도범죄_1239610_label.wav,0.0
6217,3.절도범죄_1239628_label.wav,0.0
6221,3.절도범죄_1239656_label.wav,0.0
6222,3.절도범죄_1239657_label.wav,0.0
6223,3.절도범죄_1239669_label.wav,0.0
6224,3.절도범죄_1239671_label.wav,0.0
6225,3.절도범죄_1239678_label.wav,0.0
6226,3.절도범죄_1239682_label.wav,0.0
6227,3.절도범죄_1239687_label.wav,0.0
6228,3.절도범죄_1239688_label.wav,0.0
6232,3.절도범죄_1239716_label.wav,0.0
6233,3.절도범죄_1239721_label.wav,0.0
6234,3.절도범죄_1239730_label.wav,0.0
6239,3.절도범죄_1239758_label.wav,0.0
6240,3.절도범죄_1239776_label.wav,0.0
6241,3.절도범죄_1239777_label.wav,0.0
6243,3.절도범죄_1239787_label.wav,0.0
6244,3.절도범죄_1239800_label.wav,0.0
6246,3.절도범죄_1239826_label.wav,0.0
6248,3.절도범죄_1239832_label.wav,0.0
6249,3.절도범죄_1239838_label.wav,0.0
6250,3.절도범죄_1239848_label.wav,0.0
6251,3.절도범죄_1239861_label.wav,0.0
6254,3.절도범죄_1239871_label.wav,0.0
6258,3.절도범죄_1239915_label.wav,0.0
6259,3.절도범죄_1239921_label.wav,0.0
6261,3.절도범죄_1239929_label.wav,0.0
6263,3.절도범죄_1239940_label.wav,0.0
6265,3.절도범죄_1239954_label.wav,0.0
6269,3.절도범죄_1239981_label.wav,0.0
6270,3.절도범죄_1239983_label.wav,0.0
6271,3.절도범죄_1239987_label.wav,0.0
6272,3.절도범죄_1239989_label.wav,0.0
6274,3.절도범죄_1240000_label.wav,0.0
6275,3.절도범죄_1240016_label.wav,0.0
6278,3.절도범죄_1240045_label.wav,0.0
6280,3.절도범죄_1240051_label.wav,0.0
6284,3.절도범죄_1240085_label.wav,0.0
6285,3.절도범죄_1240094_label.wav,0.0
6286,3.절도범죄_1240097_label.wav,0.0
6288,3.절도범죄_1240100_label.wav,0.0
6289,3.절도범죄_1240102_label.wav,0.0
6291,3.절도범죄_1240121_label.wav,0.0
6294,3.절도범죄_1240144_label.wav,0.0
6295,3.절도범죄_1240157_label.wav,0.0
6296,3.절도범죄_1240176_label.wav,0.0
6297,3.절도범죄_1240183_label.wav,0.0
6299,3.절도범죄_1240196_label.wav,0.0
6304,3.절도범죄_1240225_label.wav,0.0
6306,3.절도범죄_1240250_label.wav,0.0
6307,3.절도범죄_1240265_label.wav,0.0
6310,3.절도범죄_1240291_label.wav,0.0
6312,3.절도범죄_1240312_label.wav,0.0
6313,3.절도범죄_1240318_label.wav,0.0
6314,3.절도범죄_1240320_label.wav,0.0
6315,3.절도범죄_1240331_label.wav,0.0
6316,3.절도범죄_1240334_label.wav,0.0
6318,3.절도범죄_1240360_label.wav,0.0
6319,3.절도범죄_1240369_label.wav,0.0
6320,3.절도범죄_1240375_label.wav,0.0
6327,3.절도범죄_1240433_label.wav,0.0
6328,3.절도범죄_1240441_label.wav,0.0
6329,3.절도범죄_1240450_label.wav,0.0
6330,3.절도범죄_1240452_label.wav,0.0
6331,3.절도범죄_1240459_label.wav,0.0
6334,3.절도범죄_1240479_label.wav,0.0
6336,3.절도범죄_1240511_label.wav,0.0
6337,3.절도범죄_1240551_label.wav,0.0
6338,3.절도범죄_1240558_label.wav,0.0
6339,3.절도범죄_1240562_label.wav,0.0
6341,3.절도범죄_1240575_label.wav,0.0
6347,3.절도범죄_1240603_label.wav,0.0
6348,3.절도범죄_1240613_label.wav,0.0
6349,3.절도범죄_1240614_label.wav,0.0
6350,3.절도범죄_1240623_label.wav,0.0
6352,3.절도범죄_1240641_label.wav,0.0
6353,3.절도범죄_1240649_label.wav,0.0
6354,3.절도범죄_1240656_label.wav,0.0
6356,3.절도범죄_1240662_label.wav,0.0
6357,3.절도범죄_1240670_label.wav,0.0
6358,3.절도범죄_1240675_label.wav,0.0
6360,3.절도범죄_1240713_label.wav,0.0
6361,3.절도범죄_1240734_label.wav,0.0
6364,3.절도범죄_1240765_label.wav,0.0
6365,3.절도범죄_1240766_label.wav,0.0
6367,3.절도범죄_1240773_label.wav,0.0
6368,3.절도범죄_1240775_label.wav,0.0
6369,3.절도범죄_1240781_label.wav,0.0
6371,3.절도범죄_1240789_label.wav,0.0
6372,3.절도범죄_1240792_label.wav,0.0
6373,3.절도범죄_1240794_label.wav,0.0
6375,3.절도범죄_1240827_label.wav,0.0
6376,3.절도범죄_1240846_label.wav,0.0
6378,3.절도범죄_1240858_label.wav,0.0
6381,3.절도범죄_1240869_label.wav,0.0
6382,3.절도범죄_1240884_label.wav,0.0
6384,3.절도범죄_1240902_label.wav,0.0
6385,3.절도범죄_1240926_label.wav,0.0
6386,3.절도범죄_1240961_label.wav,0.0
6387,3.절도범죄_1240962_label.wav,0.0
6390,3.절도범죄_1240974_label.wav,0.0
6392,3.절도범죄_1240980_label.wav,0.0
6393,3.절도범죄_1240989_label.wav,0.0
6394,3.절도범죄_1240990_label.wav,0.0
6395,3.절도범죄_1241012_label.wav,0.0
6397,3.절도범죄_1241036_label.wav,0.0
6398,3.절도범죄_1241039_label.wav,0.0
6399,3.절도범죄_1241065_label.wav,0.0
6400,3.절도범죄_1241071_label.wav,0.0
6401,3.절도범죄_1241079_label.wav,0.0
6402,3.절도범죄_1241099_label.wav,0.0
6405,3.절도범죄_1241124_label.wav,0.0
6407,3.절도범죄_1241133_label.wav,0.0
6409,3.절도범죄_1241154_label.wav,0.0
6410,3.절도범죄_1241158_label.wav,0.0
6411,3.절도범죄_1241162_label.wav,0.0
6412,3.절도범죄_1241172_label.wav,0.0
6413,3.절도범죄_1241179_label.wav,0.0
6414,3.절도범죄_1241182_label.wav,0.0
6416,3.절도범죄_1241199_label.wav,0.0
6417,3.절도범죄_1241204_label.wav,0.0
6418,3.절도범죄_1241215_label.wav,0.0
6419,3.절도범죄_1241217_label.wav,0.0
6422,3.절도범죄_1241239_label.wav,0.0
6426,3.절도범죄_1241261_label.wav,0.0
6427,3.절도범죄_1241267_label.wav,0.0
6431,3.절도범죄_1241309_label.wav,0.0
6432,3.절도범죄_1241310_label.wav,0.0
6433,3.절도범죄_1241311_label.wav,0.0
6434,3.절도범죄_1241314_label.wav,0.0
6435,3.절도범죄_1241337_label.wav,0.0
6436,3.절도범죄_1241345_label.wav,0.0
6437,3.절도범죄_1241349_label.wav,0.0
6438,3.절도범죄_1241356_label.wav,0.0
6443,3.절도범죄_1241400_label.wav,0.0
6445,3.절도범죄_1241408_label.wav,0.0
6446,3.절도범죄_1241412_label.wav,0.0
6450,3.절도범죄_1241423_label.wav,0.0
6451,3.절도범죄_1241431_label.wav,0.0
6453,3.절도범죄_1241443_label.wav,0.0
6455,3.절도범죄_1241449_label.wav,0.0
6457,3.절도범죄_1241475_label.wav,0.0
6458,3.절도범죄_1241479_label.wav,0.0
6459,3.절도범죄_1241481_label.wav,0.0
6461,3.절도범죄_1241510_label.wav,0.0
6462,3.절도범죄_1241516_label.wav,0.0
6465,3.절도범죄_1241540_label.wav,0.0
6466,3.절도범죄_1241551_label.wav,0.0
6468,3.절도범죄_1241557_label.wav,0.0
6469,3.절도범죄_1241558_label.wav,0.0
6470,3.절도범죄_1241569_label.wav,0.0
6471,3.절도범죄_1241583_label.wav,0.0
6473,3.절도범죄_1241599_label.wav,0.0
6474,3.절도범죄_1241610_label.wav,0.0
6475,3.절도범죄_1241615_label.wav,0.0
6478,3.절도범죄_1241653_label.wav,0.0
6479,3.절도범죄_1241656_label.wav,0.0
6480,3.절도범죄_1241681_label.wav,0.0
6481,3.절도범죄_1241682_label.wav,0.0
6483,3.절도범죄_1241702_label.wav,0.0
6487,3.절도범죄_1241724_label.wav,0.0
6489,3.절도범죄_1241735_label.wav,0.0
6490,3.절도범죄_1241736_label.wav,0.0
6491,3.절도범죄_1241738_label.wav,0.0
6493,3.절도범죄_1241743_label.wav,0.0
6497,3.절도범죄_1241787_label.wav,0.0
6498,3.절도범죄_1241792_label.wav,0.0
6499,3.절도범죄_1241794_label.wav,0.0
6503,3.절도범죄_1241833_label.wav,0.0
6504,3.절도범죄_1241839_label.wav,0.0
6509,3.절도범죄_1241865_label.wav,0.0
6510,3.절도범죄_1241873_label.wav,0.0
6513,3.절도범죄_1241920_label.wav,0.0
6514,3.절도범죄_1241939_label.wav,0.0
6517,3.절도범죄_1241974_label.wav,0.0
6518,3.절도범죄_1241975_label.wav,0.0
6520,3.절도범죄_1242004_label.wav,0.0
6524,3.절도범죄_1242024_label.wav,0.0
6525,3.절도범죄_1242026_label.wav,0.0
6526,3.절도범죄_1242045_label.wav,0.0
6529,3.절도범죄_1242053_label.wav,0.0
6540,3.절도범죄_1242128_label.wav,0.0
6541,3.절도범죄_1242129_label.wav,0.0
6543,3.절도범죄_1242139_label.wav,0.0
6544,3.절도범죄_1242151_label.wav,0.0
6548,3.절도범죄_1242180_label.wav,0.0
6551,3.절도범죄_1242203_label.wav,0.0
6553,3.절도범죄_1242205_label.wav,0.0
6555,3.절도범죄_1242211_label.wav,0.0
6557,3.절도범죄_1242240_label.wav,0.0
6558,3.절도범죄_1242257_label.wav,0.0
6559,3.절도범죄_1242258_label.wav,0.0
6560,3.절도범죄_1242264_label.wav,0.0
6563,3.절도범죄_1242272_label.wav,0.0
6564,3.절도범죄_1242276_label.wav,0.0
6567,3.절도범죄_1242300_label.wav,0.0
6570,3.절도범죄_1242334_label.wav,0.0
6571,3.절도범죄_1242335_label.wav,0.0
6574,3.절도범죄_1242340_label.wav,0.0
6575,3.절도범죄_1242342_label.wav,0.0
6577,3.절도범죄_1242370_label.wav,0.0
6578,3.절도범죄_1242381_label.wav,0.0
6579,3.절도범죄_1242384_label.wav,0.0
6580,3.절도범죄_1242389_label.wav,0.0
6584,3.절도범죄_1242410_label.wav,0.0
6585,3.절도범죄_1242434_label.wav,0.0
6586,3.절도범죄_1242442_label.wav,0.0
6587,3.절도범죄_1242444_label.wav,0.0
6589,3.절도범죄_1242451_label.wav,0.0
6592,3.절도범죄_1242491_label.wav,0.0
6594,3.절도범죄_1242499_label.wav,0.0
6595,3.절도범죄_1242500_label.wav,0.0
6598,3.절도범죄_1242520_label.wav,0.0
6603,3.절도범죄_1242589_label.wav,0.0
6606,3.절도범죄_1242601_label.wav,0.0
6608,3.절도범죄_1242615_label.wav,0.0
6609,3.절도범죄_1242618_label.wav,0.0
6610,3.절도범죄_1242623_label.wav,0.0
6613,3.절도범죄_1242645_label.wav,0.0
6618,3.절도범죄_1242670_label.wav,0.0
6619,3.절도범죄_1242682_label.wav,0.0
6620,3.절도범죄_1242695_label.wav,0.0
6622,3.절도범죄_1242707_label.wav,0.0
6623,3.절도범죄_1242730_label.wav,0.0
6632,3.절도범죄_1242765_label.wav,0.0
6635,3.절도범죄_1242792_label.wav,0.0
6636,3.절도범죄_1242793_label.wav,0.0
6638,3.절도범죄_1242798_label.wav,0.0
6642,3.절도범죄_1242834_label.wav,0.0
6644,3.절도범죄_1242866_label.wav,0.0
6645,3.절도범죄_1242871_label.wav,0.0
6647,3.절도범죄_1242894_label.wav,0.0
6648,3.절도범죄_1242910_label.wav,0.0
6651,3.절도범죄_1242939_label.wav,0.0
6652,3.절도범죄_1242946_label.wav,0.0
6654,3.절도범죄_1242954_label.wav,0.0
6662,3.절도범죄_1243028_label.wav,0.0
6665,3.절도범죄_1243045_label.wav,0.0
6668,3.절도범죄_1243062_label.wav,0.0
6670,3.절도범죄_1243067_label.wav,0.0
6671,3.절도범죄_1243086_label.wav,0.0
6678,3.절도범죄_1243142_label.wav,0.0
6680,3.절도범죄_1243167_label.wav,0.0
6681,3.절도범죄_1243168_label.wav,0.0
6682,3.절도범죄_1243169_label.wav,0.0
6689,3.절도범죄_1243211_label.wav,0.0
6692,3.절도범죄_1243239_label.wav,0.0
6699,3.절도범죄_1243274_label.wav,0.0
6700,3.절도범죄_1243278_label.wav,0.0
6703,3.절도범죄_1243312_label.wav,0.0
6705,3.절도범죄_1243342_label.wav,0.0
6707,3.절도범죄_1243352_label.wav,0.0
6710,3.절도범죄_1243390_label.wav,0.0
6712,3.절도범죄_1243404_label.wav,0.0
6716,3.절도범죄_1243420_label.wav,0.0
6717,3.절도범죄_1243428_label.wav,0.0
6719,3.절도범죄_1243439_label.wav,0.0
6726,3.절도범죄_1243484_label.wav,0.0
6730,3.절도범죄_1243498_label.wav,0.0
6731,3.절도범죄_1243508_label.wav,0.0
6733,3.절도범죄_1243518_label.wav,0.0
6735,3.절도범죄_1243521_label.wav,0.0
6738,3.절도범죄_1243543_label.wav,0.0
6739,3.절도범죄_1243557_label.wav,0.0
6740,3.절도범죄_1243578_label.wav,0.0
6741,3.절도범죄_1243581_label.wav,0.0
6742,3.절도범죄_1243588_label.wav,0.0
6743,3.절도범죄_1243590_label.wav,0.0
6747,3.절도범죄_1243600_label.wav,0.0
6749,3.절도범죄_1243611_label.wav,0.0
6752,3.절도범죄_1243620_label.wav,0.0
6753,3.절도범죄_1243622_label.wav,0.0
6754,3.절도범죄_1243626_label.wav,0.0
6756,3.절도범죄_1243643_label.wav,0.0
6757,3.절도범죄_1243650_label.wav,0.0
6762,3.절도범죄_1243665_label.wav,0.0
6763,3.절도범죄_1243674_label.wav,0.0
6765,3.절도범죄_1243681_label.wav,0.0
6767,3.절도범죄_1243687_label.wav,0.0
6768,3.절도범죄_1243696_label.wav,0.0
6770,3.절도범죄_1243710_label.wav,0.0
6771,3.절도범죄_1243715_label.wav,0.0
6772,3.절도범죄_1243732_label.wav,0.0
6774,3.절도범죄_1243748_label.wav,0.0
6775,3.절도범죄_1243765_label.wav,0.0
6779,3.절도범죄_1243788_label.wav,0.0
6780,3.절도범죄_1243792_label.wav,0.0
6781,3.절도범죄_1243795_label.wav,0.0
6783,3.절도범죄_1243806_label.wav,0.0
6785,3.절도범죄_1243821_label.wav,0.0
6787,3.절도범죄_1243832_label.wav,0.0
6788,3.절도범죄_1243838_label.wav,0.0
6796,3.절도범죄_1243866_label.wav,0.0
6799,3.절도범죄_1243872_label.wav,0.0
6800,3.절도범죄_1243883_label.wav,0.0
6803,3.절도범죄_1243917_label.wav,0.0
6805,3.절도범죄_1243955_label.wav,0.0
6811,3.절도범죄_1244024_label.wav,0.0
6812,3.절도범죄_1244035_label.wav,0.0
6814,3.절도범죄_1244040_label.wav,0.0
6823,3.절도범죄_1244098_label.wav,0.0
6827,3.절도범죄_1244126_label.wav,0.0
6828,3.절도범죄_1244136_label.wav,0.0
6829,3.절도범죄_1244137_label.wav,0.0
6832,3.절도범죄_1244147_label.wav,0.0
6833,3.절도범죄_1244154_label.wav,0.0
6835,3.절도범죄_1244166_label.wav,0.0
6837,3.절도범죄_1244197_label.wav,0.0
6838,3.절도범죄_1244215_label.wav,0.0
6839,3.절도범죄_1244227_label.wav,0.0
6841,3.절도범죄_1244247_label.wav,0.0
6843,3.절도범죄_1244261_label.wav,0.0
6848,3.절도범죄_1244295_label.wav,0.0
6849,3.절도범죄_1244296_label.wav,0.0
6852,3.절도범죄_1244316_label.wav,0.0
6853,3.절도범죄_1244322_label.wav,0.0
6854,3.절도범죄_1244325_label.wav,0.0
6856,3.절도범죄_1244339_label.wav,0.0
6857,3.절도범죄_1244350_label.wav,0.0
6858,3.절도범죄_1244354_label.wav,0.0
6859,3.절도범죄_1244362_label.wav,0.0
6861,3.절도범죄_1244372_label.wav,0.0
6871,3.절도범죄_1273998_label.wav,0.0
6876,3.절도범죄_271044_label.wav,0.0
6933,3.절도범죄_274081_label.wav,0.0
6955,3.절도범죄_276059_label.wav,0.0
6996,3.절도범죄_279852_label.wav,0.0
7588,3.절도범죄_581842_label.wav,0.0
7636,3.절도범죄_584573_label.wav,0.0
7719,3.절도범죄_589877_label.wav,0.0
7743,3.절도범죄_591275_label.wav,0.0
7744,3.절도범죄_591509_label.wav,0.0
7753,3.절도범죄_592017_label.wav,0.0
7759,3.절도범죄_592390_label.wav,0.0
7796,3.절도범죄_594909_label.wav,0.0
7800,3.절도범죄_595043_label.wav,0.0
7821,3.절도범죄_596476_label.wav,0.0
7822,3.절도범죄_596662_label.wav,0.0
7829,3.절도범죄_597048_label.wav,0.0
7830,3.절도범죄_597076_label.wav,0.0
7833,3.절도범죄_597164_label.wav,0.0
7837,3.절도범죄_597532_label.wav,0.0
7856,3.절도범죄_598928_label.wav,0.0
7863,3.절도범죄_599767_label.wav,0.0
7867,3.절도범죄_600034_label.wav,0.0
7881,3.절도범죄_600625_label.wav,0.0
7887,3.절도범죄_600992_label.wav,0.0
7895,3.절도범죄_601458_label.wav,0.0
7906,3.절도범죄_602331_label.wav,0.0
7920,3.절도범죄_603491_label.wav,0.0
7931,3.절도범죄_604110_label.wav,0.0
7935,3.절도범죄_604327_label.wav,0.0
7937,3.절도범죄_604529_label.wav,0.0
7969,3.절도범죄_653619_label.wav,0.0
7971,3.절도범죄_653650_label.wav,0.0
7976,3.절도범죄_653756_label.wav,0.0
7992,3.절도범죄_654108_label.wav,0.0
7995,3.절도범죄_654137_label.wav,0.0
7998,3.절도범죄_654153_label.wav,0.0
8011,4.폭력범죄_1000233_label.wav,0.0
8015,4.폭력범죄_1000313_label.wav,0.0
8019,4.폭력범죄_1000386_label.wav,0.0
8022,4.폭력범죄_1000403_label.wav,0.0
8031,4.폭력범죄_1000587_label.wav,0.0
8038,4.폭력범죄_1000785_label.wav,0.0
8039,4.폭력범죄_1000821_label.wav,0.0
8040,4.폭력범죄_1000896_label.wav,0.0
8044,4.폭력범죄_1000998_label.wav,0.0
8045,4.폭력범죄_1001019_label.wav,0.0
8047,4.폭력범죄_1001043_label.wav,0.0
8052,4.폭력범죄_1001104_label.wav,0.0
8065,4.폭력범죄_1001372_label.wav,0.0
8066,4.폭력범죄_1001376_label.wav,0.0
8071,4.폭력범죄_1001463_label.wav,0.0
8073,4.폭력범죄_1001567_label.wav,0.0
8078,4.폭력범죄_1001632_label.wav,0.0
8091,4.폭력범죄_1001911_label.wav,0.0
8102,4.폭력범죄_1002105_label.wav,0.0
8109,4.폭력범죄_1002252_label.wav,0.0
8113,4.폭력범죄_1002375_label.wav,0.0
8117,4.폭력범죄_1002480_label.wav,0.0
8128,4.폭력범죄_1002656_label.wav,0.0
8131,4.폭력범죄_1002706_label.wav,0.0
8151,4.폭력범죄_1087540_label.wav,0.0
8158,4.폭력범죄_1087758_label.wav,0.0
8160,4.폭력범죄_1087795_label.wav,0.0
8161,4.폭력범죄_1087799_label.wav,0.0
8163,4.폭력범죄_1087870_label.wav,0.0
8164,4.폭력범죄_1087899_label.wav,0.0
8169,4.폭력범죄_1088042_label.wav,0.0
8172,4.폭력범죄_1088067_label.wav,0.0
8177,4.폭력범죄_1088217_label.wav,0.0
8181,4.폭력범죄_1088396_label.wav,0.0
8182,4.폭력범죄_1088440_label.wav,0.0
8184,4.폭력범죄_1088490_label.wav,0.0
8185,4.폭력범죄_1088506_label.wav,0.0
8188,4.폭력범죄_1088648_label.wav,0.0
8191,4.폭력범죄_1088713_label.wav,0.0
8194,4.폭력범죄_1088797_label.wav,0.0
8195,4.폭력범죄_1088806_label.wav,0.0
8197,4.폭력범죄_1088817_label.wav,0.0
8201,4.폭력범죄_1088850_label.wav,0.0
8204,4.폭력범죄_1089000_label.wav,0.0
8206,4.폭력범죄_1089020_label.wav,0.0
8208,4.폭력범죄_1089040_label.wav,0.0
8211,4.폭력범죄_1089165_label.wav,0.0
8212,4.폭력범죄_1089166_label.wav,0.0
8214,4.폭력범죄_1089223_label.wav,0.0
8216,4.폭력범죄_1089252_label.wav,0.0
8221,4.폭력범죄_1089349_label.wav,0.0
8224,4.폭력범죄_1089393_label.wav,0.0
8230,4.폭력범죄_1089566_label.wav,0.0
8231,4.폭력범죄_1089594_label.wav,0.0
8232,4.폭력범죄_1089612_label.wav,0.0
8236,4.폭력범죄_1089672_label.wav,0.0
8241,4.폭력범죄_1089757_label.wav,0.0
8243,4.폭력범죄_1089800_label.wav,0.0
8245,4.폭력범죄_1089817_label.wav,0.0
8246,4.폭력범죄_1089849_label.wav,0.0
8249,4.폭력범죄_1089944_label.wav,0.0
8250,4.폭력범죄_1089946_label.wav,0.0
8251,4.폭력범죄_1089977_label.wav,0.0
8254,4.폭력범죄_1090015_label.wav,0.0
8259,4.폭력범죄_1090139_label.wav,0.0
8263,4.폭력범죄_1090256_label.wav,0.0
8265,4.폭력범죄_1090298_label.wav,0.0
8266,4.폭력범죄_1090333_label.wav,0.0
8269,4.폭력범죄_1090383_label.wav,0.0
8270,4.폭력범죄_1090469_label.wav,0.0
8273,4.폭력범죄_1090533_label.wav,0.0
8275,4.폭력범죄_1090640_label.wav,0.0
8276,4.폭력범죄_1090653_label.wav,0.0
8280,4.폭력범죄_1090747_label.wav,0.0
8282,4.폭력범죄_1090796_label.wav,0.0
8283,4.폭력범죄_1090801_label.wav,0.0
8286,4.폭력범죄_1090882_label.wav,0.0
8287,4.폭력범죄_1090885_label.wav,0.0
8291,4.폭력범죄_1091005_label.wav,0.0
8294,4.폭력범죄_1091084_label.wav,0.0
8295,4.폭력범죄_1091090_label.wav,0.0
8300,4.폭력범죄_1091273_label.wav,0.0
8305,4.폭력범죄_1091459_label.wav,0.0
8306,4.폭력범죄_1091463_label.wav,0.0
8307,4.폭력범죄_1091476_label.wav,0.0
8310,4.폭력범죄_1091505_label.wav,0.0
8313,4.폭력범죄_1091531_label.wav,0.0
8315,4.폭력범죄_1091554_label.wav,0.0
8316,4.폭력범죄_1091556_label.wav,0.0
8319,4.폭력범죄_1091620_label.wav,0.0
8321,4.폭력범죄_1091681_label.wav,0.0
8322,4.폭력범죄_1091693_label.wav,0.0
8324,4.폭력범죄_1091731_label.wav,0.0
8325,4.폭력범죄_1091758_label.wav,0.0
8326,4.폭력범죄_1091777_label.wav,0.0
8328,4.폭력범죄_1091878_label.wav,0.0
8329,4.폭력범죄_1091898_label.wav,0.0
8330,4.폭력범죄_1091952_label.wav,0.0
8331,4.폭력범죄_1091960_label.wav,0.0
8332,4.폭력범죄_1091_label.wav,0.0
8334,4.폭력범죄_1092070_label.wav,0.0
8341,4.폭력범죄_1092189_label.wav,0.0
8345,4.폭력범죄_1092240_label.wav,0.0
8346,4.폭력범죄_1092243_label.wav,0.0
8347,4.폭력범죄_1092257_label.wav,0.0
8352,4.폭력범죄_1092294_label.wav,0.0
8353,4.폭력범죄_1092300_label.wav,0.0
8354,4.폭력범죄_1092359_label.wav,0.0
8355,4.폭력범죄_1092366_label.wav,0.0
8356,4.폭력범죄_1092370_label.wav,0.0
8357,4.폭력범죄_1092371_label.wav,0.0
8365,4.폭력범죄_1092501_label.wav,0.0
8366,4.폭력범죄_1092559_label.wav,0.0
8367,4.폭력범죄_1092573_label.wav,0.0
8371,4.폭력범죄_1092763_label.wav,0.0
8372,4.폭력범죄_1092799_label.wav,0.0
8374,4.폭력범죄_1092902_label.wav,0.0
8375,4.폭력범죄_1092927_label.wav,0.0
8376,4.폭력범죄_1092945_label.wav,0.0
8377,4.폭력범죄_1092947_label.wav,0.0
8378,4.폭력범죄_1092958_label.wav,0.0
8380,4.폭력범죄_1092994_label.wav,0.0
8381,4.폭력범죄_1093030_label.wav,0.0
8384,4.폭력범죄_1093094_label.wav,0.0
8392,4.폭력범죄_1093280_label.wav,0.0
8394,4.폭력범죄_1093344_label.wav,0.0
8398,4.폭력범죄_1093491_label.wav,0.0
8399,4.폭력범죄_1093530_label.wav,0.0
8401,4.폭력범죄_1093541_label.wav,0.0
8404,4.폭력범죄_1093660_label.wav,0.0
8406,4.폭력범죄_1093683_label.wav,0.0
8407,4.폭력범죄_1093684_label.wav,0.0
8413,4.폭력범죄_1093790_label.wav,0.0
8430,4.폭력범죄_1094072_label.wav,0.0
8434,4.폭력범죄_1094251_label.wav,0.0
8438,4.폭력범죄_1094335_label.wav,0.0
8445,4.폭력범죄_1094547_label.wav,0.0
8455,4.폭력범죄_1094749_label.wav,0.0
8458,4.폭력범죄_1094824_label.wav,0.0
8460,4.폭력범죄_1094933_label.wav,0.0
8463,4.폭력범죄_1095034_label.wav,0.0
8466,4.폭력범죄_1095068_label.wav,0.0
8467,4.폭력범죄_1095110_label.wav,0.0
8474,4.폭력범죄_1095217_label.wav,0.0
8478,4.폭력범죄_1095333_label.wav,0.0
8482,4.폭력범죄_1095416_label.wav,0.0
8483,4.폭력범죄_1095473_label.wav,0.0
8485,4.폭력범죄_1095586_label.wav,0.0
8486,4.폭력범죄_1095608_label.wav,0.0
8487,4.폭력범죄_1095661_label.wav,0.0
8490,4.폭력범죄_1095691_label.wav,0.0
8500,4.폭력범죄_1095880_label.wav,0.0
8501,4.폭력범죄_1095974_label.wav,0.0
8507,4.폭력범죄_1096078_label.wav,0.0
8514,4.폭력범죄_1188_label.wav,0.0
8528,4.폭력범죄_1214342_label.wav,0.0
8535,4.폭력범죄_1214592_label.wav,0.0
8540,4.폭력범죄_1214798_label.wav,0.0
8541,4.폭력범죄_1214802_label.wav,0.0
8543,4.폭력범죄_1214827_label.wav,0.0
8549,4.폭력범죄_1214957_label.wav,0.0
8553,4.폭력범죄_1215043_label.wav,0.0
8554,4.폭력범죄_1215084_label.wav,0.0
8557,4.폭력범죄_1215160_label.wav,0.0
8563,4.폭력범죄_1215292_label.wav,0.0
8571,4.폭력범죄_1215503_label.wav,0.0
8579,4.폭력범죄_1215741_label.wav,0.0
8589,4.폭력범죄_1216149_label.wav,0.0
8590,4.폭력범죄_1216175_label.wav,0.0
8591,4.폭력범죄_1216199_label.wav,0.0
8595,4.폭력범죄_1216310_label.wav,0.0
8597,4.폭력범죄_1216361_label.wav,0.0
8599,4.폭력범죄_1216407_label.wav,0.0
8603,4.폭력범죄_1216581_label.wav,0.0
8612,4.폭력범죄_1216725_label.wav,0.0
8623,4.폭력범죄_1216995_label.wav,0.0
8624,4.폭력범죄_1217002_label.wav,0.0
8627,4.폭력범죄_1217065_label.wav,0.0
8628,4.폭력범죄_1217068_label.wav,0.0
8632,4.폭력범죄_1217150_label.wav,0.0
8636,4.폭력범죄_1217208_label.wav,0.0
8649,4.폭력범죄_1217549_label.wav,0.0
8657,4.폭력범죄_1217730_label.wav,0.0
8670,4.폭력범죄_1218234_label.wav,0.0
8674,4.폭력범죄_1218338_label.wav,0.0
8678,4.폭력범죄_1218617_label.wav,0.0
8679,4.폭력범죄_1218623_label.wav,0.0
8681,4.폭력범죄_1218750_label.wav,0.0
8693,4.폭력범죄_1219412_label.wav,0.0
8694,4.폭력범죄_1219503_label.wav,0.0
8697,4.폭력범죄_1219656_label.wav,0.0
8701,4.폭력범죄_1219954_label.wav,0.0
8703,4.폭력범죄_1220175_label.wav,0.0
8709,4.폭력범죄_1220582_label.wav,0.0
8713,4.폭력범죄_1220865_label.wav,0.0
8719,4.폭력범죄_1221051_label.wav,0.0
8723,4.폭력범죄_1221223_label.wav,0.0
8728,4.폭력범죄_1221336_label.wav,0.0
8738,4.폭력범죄_1221883_label.wav,0.0
8740,4.폭력범죄_1222033_label.wav,0.0
8750,4.폭력범죄_1222305_label.wav,0.0
8756,4.폭력범죄_1222501_label.wav,0.0
8758,4.폭력범죄_1222514_label.wav,0.0
8767,4.폭력범죄_1222986_label.wav,0.0
8769,4.폭력범죄_1222997_label.wav,0.0
8771,4.폭력범죄_1223053_label.wav,0.0
8774,4.폭력범죄_1223104_label.wav,0.0
8781,4.폭력범죄_1223402_label.wav,0.0
8789,4.폭력범죄_1223703_label.wav,0.0
8790,4.폭력범죄_1223791_label.wav,0.0
8791,4.폭력범죄_1223803_label.wav,0.0
8821,4.폭력범죄_1225126_label.wav,0.0
8830,4.폭력범죄_1225351_label.wav,0.0
8832,4.폭력범죄_1225375_label.wav,0.0
8835,4.폭력범죄_1225488_label.wav,0.0
8836,4.폭력범죄_1225519_label.wav,0.0
8838,4.폭력범죄_1225589_label.wav,0.0
8840,4.폭력범죄_1225712_label.wav,0.0
8841,4.폭력범죄_1225730_label.wav,0.0
8843,4.폭력범죄_1225789_label.wav,0.0
8846,4.폭력범죄_1225981_label.wav,0.0
8847,4.폭력범죄_1226031_label.wav,0.0
8857,4.폭력범죄_1226504_label.wav,0.0
8858,4.폭력범죄_1226506_label.wav,0.0
8872,4.폭력범죄_132_label.wav,0.0
8874,4.폭력범죄_1396_label.wav,0.0
8877,4.폭력범죄_1665_label.wav,0.0
8879,4.폭력범죄_187_label.wav,0.0
8885,4.폭력범죄_230_label.wav,0.0
8889,4.폭력범죄_251_label.wav,0.0
8890,4.폭력범죄_2605_label.wav,0.0
8896,4.폭력범죄_275343_label.wav,0.0
8899,4.폭력범죄_275653_label.wav,0.0
8905,4.폭력범죄_277758_label.wav,0.0
8906,4.폭력범죄_278260_label.wav,0.0
8908,4.폭력범죄_278578_label.wav,0.0
8915,4.폭력범죄_279596_label.wav,0.0
8918,4.폭력범죄_280287_label.wav,0.0
8919,4.폭력범죄_280352_label.wav,0.0
8922,4.폭력범죄_280792_label.wav,0.0
8926,4.폭력범죄_281163_label.wav,0.0
8930,4.폭력범죄_281615_label.wav,0.0
8936,4.폭력범죄_282361_label.wav,0.0
8937,4.폭력범죄_282394_label.wav,0.0
8943,4.폭력범죄_283411_label.wav,0.0
8946,4.폭력범죄_283960_label.wav,0.0
8953,4.폭력범죄_2850_label.wav,0.0
8956,4.폭력범죄_285188_label.wav,0.0
8957,4.폭력범죄_285220_label.wav,0.0
8958,4.폭력범죄_285356_label.wav,0.0
8961,4.폭력범죄_285724_label.wav,0.0
8964,4.폭력범죄_286357_label.wav,0.0
8967,4.폭력범죄_286562_label.wav,0.0
8968,4.폭력범죄_286711_label.wav,0.0
8970,4.폭력범죄_286848_label.wav,0.0
8972,4.폭력범죄_287089_label.wav,0.0
8974,4.폭력범죄_287274_label.wav,0.0
8977,4.폭력범죄_287417_label.wav,0.0
8986,4.폭력범죄_288091_label.wav,0.0
8995,4.폭력범죄_289089_label.wav,0.0
9000,4.폭력범죄_289358_label.wav,0.0
9003,4.폭력범죄_289477_label.wav,0.0
9012,4.폭력범죄_290373_label.wav,0.0
9015,4.폭력범죄_290520_label.wav,0.0
9019,4.폭력범죄_290784_label.wav,0.0
9020,4.폭력범죄_290855_label.wav,0.0
9022,4.폭력범죄_291290_label.wav,0.0
9023,4.폭력범죄_291399_label.wav,0.0
9027,4.폭력범죄_291634_label.wav,0.0
9033,4.폭력범죄_292365_label.wav,0.0
9046,4.폭력범죄_293418_label.wav,0.0
9048,4.폭력범죄_293593_label.wav,0.0
9052,4.폭력범죄_294076_label.wav,0.0
9053,4.폭력범죄_294216_label.wav,0.0
9058,4.폭력범죄_294427_label.wav,0.0
9068,4.폭력범죄_294976_label.wav,0.0
9071,4.폭력범죄_295253_label.wav,0.0
9075,4.폭력범죄_295713_label.wav,0.0
9076,4.폭력범죄_295721_label.wav,0.0
9082,4.폭력범죄_296347_label.wav,0.0
9092,4.폭력범죄_518589_label.wav,0.0
9093,4.폭력범죄_518784_label.wav,0.0
9095,4.폭력범죄_519106_label.wav,0.0
9099,4.폭력범죄_519313_label.wav,0.0
9100,4.폭력범죄_519362_label.wav,0.0
9103,4.폭력범죄_520021_label.wav,0.0
9116,4.폭력범죄_520455_label.wav,0.0
9120,4.폭력범죄_520922_label.wav,0.0
9130,4.폭력범죄_521421_label.wav,0.0
9131,4.폭력범죄_521426_label.wav,0.0
9140,4.폭력범죄_521903_label.wav,0.0
9181,4.폭력범죄_524690_label.wav,0.0
9186,4.폭력범죄_524889_label.wav,0.0
9187,4.폭력범죄_524930_label.wav,0.0
9188,4.폭력범죄_524997_label.wav,0.0
9194,4.폭력범죄_525421_label.wav,0.0
9203,4.폭력범죄_526017_label.wav,0.0
9207,4.폭력범죄_526365_label.wav,0.0
9218,4.폭력범죄_527041_label.wav,0.0
9221,4.폭력범죄_527388_label.wav,0.0
9224,4.폭력범죄_527729_label.wav,0.0
9234,4.폭력범죄_528648_label.wav,0.0
9238,4.폭력범죄_529055_label.wav,0.0
9242,4.폭력범죄_529650_label.wav,0.0
9251,4.폭력범죄_530575_label.wav,0.0
9253,4.폭력범죄_530668_label.wav,0.0
9254,4.폭력범죄_530676_label.wav,0.0
9256,4.폭력범죄_532976_label.wav,0.0
9257,4.폭력범죄_533030_label.wav,0.0
9262,4.폭력범죄_533397_label.wav,0.0
9265,4.폭력범죄_533605_label.wav,0.0
9266,4.폭력범죄_533612_label.wav,0.0
9267,4.폭력범죄_533652_label.wav,0.0
9269,4.폭력범죄_534523_label.wav,0.0
9273,4.폭력범죄_535973_label.wav,0.0
9281,4.폭력범죄_536587_label.wav,0.0
9283,4.폭력범죄_536697_label.wav,0.0
9291,4.폭력범죄_537304_label.wav,0.0
9293,4.폭력범죄_537362_label.wav,0.0
9294,4.폭력범죄_537401_label.wav,0.0
9305,4.폭력범죄_537816_label.wav,0.0
9308,4.폭력범죄_537946_label.wav,0.0
9313,4.폭력범죄_538124_label.wav,0.0
9330,4.폭력범죄_539970_label.wav,0.0
9341,4.폭력범죄_540897_label.wav,0.0
9342,4.폭력범죄_540999_label.wav,0.0
9351,4.폭력범죄_542769_label.wav,0.0
9365,4.폭력범죄_561685_label.wav,0.0
9367,4.폭력범죄_562687_label.wav,0.0
9368,4.폭력범죄_562908_label.wav,0.0
9369,4.폭력범죄_562919_label.wav,0.0
9370,4.폭력범죄_562998_label.wav,0.0
9371,4.폭력범죄_562999_label.wav,0.0
9372,4.폭력범죄_563006_label.wav,0.0
9380,4.폭력범죄_573691_label.wav,0.0
9383,4.폭력범죄_573946_label.wav,0.0
9384,4.폭력범죄_573963_label.wav,0.0
9385,4.폭력범죄_574050_label.wav,0.0
9388,4.폭력범죄_574172_label.wav,0.0
9389,4.폭력범죄_574177_label.wav,0.0
9391,4.폭력범죄_574213_label.wav,0.0
9392,4.폭력범죄_574254_label.wav,0.0
9398,4.폭력범죄_653_label.wav,0.0
9399,4.폭력범죄_840543_label.wav,0.0
9404,4.폭력범죄_840674_label.wav,0.0
9406,4.폭력범죄_840744_label.wav,0.0
9431,4.폭력범죄_841320_label.wav,0.0
9435,4.폭력범죄_841423_label.wav,0.0
9436,4.폭력범죄_841468_label.wav,0.0
9438,4.폭력범죄_841491_label.wav,0.0
9441,4.폭력범죄_841512_label.wav,0.0
9451,4.폭력범죄_841820_label.wav,0.0
9463,4.폭력범죄_842149_label.wav,0.0
9487,4.폭력범죄_842768_label.wav,0.0
9503,4.폭력범죄_844218_label.wav,0.0
9508,4.폭력범죄_844465_label.wav,0.0
9515,4.폭력범죄_844689_label.wav,0.0
9541,4.폭력범죄_847167_label.wav,0.0
9547,4.폭력범죄_847515_label.wav,0.0
9556,4.폭력범죄_855005_label.wav,0.0
9557,4.폭력범죄_855189_label.wav,0.0
9558,4.폭력범죄_855289_label.wav,0.0
9559,4.폭력범죄_856028_label.wav,0.0
9561,4.폭력범죄_856092_label.wav,0.0
9562,4.폭력범죄_856239_label.wav,0.0
9565,4.폭력범죄_860234_label.wav,0.0
9568,4.폭력범죄_860456_label.wav,0.0
9574,4.폭력범죄_860895_label.wav,0.0
9576,4.폭력범죄_861835_label.wav,0.0
9580,4.폭력범죄_861980_label.wav,0.0
9586,4.폭력범죄_862373_label.wav,0.0
9592,4.폭력범죄_864850_label.wav,0.0
9597,4.폭력범죄_865269_label.wav,0.0
9598,4.폭력범죄_865506_label.wav,0.0
9599,4.폭력범죄_865513_label.wav,0.0
9600,4.폭력범죄_865558_label.wav,0.0
9602,4.폭력범죄_865570_label.wav,0.0
9604,4.폭력범죄_866527_label.wav,0.0
9605,4.폭력범죄_866561_label.wav,0.0
9606,4.폭력범죄_866687_label.wav,0.0
9607,4.폭력범죄_866691_label.wav,0.0
9609,4.폭력범죄_866830_label.wav,0.0
9610,4.폭력범죄_866831_label.wav,0.0
9613,4.폭력범죄_866906_label.wav,0.0
9614,4.폭력범죄_866982_label.wav,0.0
9615,4.폭력범죄_867097_label.wav,0.0
9616,4.폭력범죄_867110_label.wav,0.0
9617,4.폭력범죄_867132_label.wav,0.0
9619,4.폭력범죄_926121_label.wav,0.0
9620,4.폭력범죄_926135_label.wav,0.0
9637,4.폭력범죄_928506_label.wav,0.0
9638,4.폭력범죄_928522_label.wav,0.0
9640,4.폭력범죄_928579_label.wav,0.0
9647,4.폭력범죄_928806_label.wav,0.0
9657,4.폭력범죄_929096_label.wav,0.0
9658,4.폭력범죄_929116_label.wav,0.0
9663,4.폭력범죄_929392_label.wav,0.0
9666,4.폭력범죄_929441_label.wav,0.0
9667,4.폭력범죄_929466_label.wav,0.0
9674,4.폭력범죄_929568_label.wav,0.0
9676,4.폭력범죄_929579_label.wav,0.0
9678,4.폭력범죄_929635_label.wav,0.0
9679,4.폭력범죄_929655_label.wav,0.0
9681,4.폭력범죄_929674_label.wav,0.0
9691,4.폭력범죄_929916_label.wav,0.0
9692,4.폭력범죄_929920_label.wav,0.0
9693,4.폭력범죄_929955_label.wav,0.0
9696,4.폭력범죄_930059_label.wav,0.0
9697,4.폭력범죄_930081_label.wav,0.0
9701,4.폭력범죄_930274_label.wav,0.0
9705,4.폭력범죄_930511_label.wav,0.0
9711,4.폭력범죄_930682_label.wav,0.0
9712,4.폭력범죄_930694_label.wav,0.0
9716,4.폭력범죄_930757_label.wav,0.0
9717,4.폭력범죄_930791_label.wav,0.0
9723,4.폭력범죄_930838_label.wav,0.0
9725,4.폭력범죄_930876_label.wav,0.0
9730,4.폭력범죄_930966_label.wav,0.0
9732,4.폭력범죄_931008_label.wav,0.0
9737,4.폭력범죄_931052_label.wav,0.0
9738,4.폭력범죄_931063_label.wav,0.0
9740,4.폭력범죄_931071_label.wav,0.0
9742,4.폭력범죄_931105_label.wav,0.0
9746,4.폭력범죄_931174_label.wav,0.0
9747,4.폭력범죄_931177_label.wav,0.0
9754,4.폭력범죄_931384_label.wav,0.0
9759,4.폭력범죄_931488_label.wav,0.0
9764,4.폭력범죄_931653_label.wav,0.0
9765,4.폭력범죄_931660_label.wav,0.0
9766,4.폭력범죄_931664_label.wav,0.0
9769,4.폭력범죄_931687_label.wav,0.0
9782,4.폭력범죄_931837_label.wav,0.0
9786,4.폭력범죄_931870_label.wav,0.0
9790,4.폭력범죄_931947_label.wav,0.0
9791,4.폭력범죄_931949_label.wav,0.0
9792,4.폭력범죄_931980_label.wav,0.0
9795,4.폭력범죄_932002_label.wav,0.0
9796,4.폭력범죄_932061_label.wav,0.0
9797,4.폭력범죄_932075_label.wav,0.0
9799,4.폭력범죄_932131_label.wav,0.0
9801,4.폭력범죄_932160_label.wav,0.0
9802,4.폭력범죄_932180_label.wav,0.0
9809,4.폭력범죄_932278_label.wav,0.0
9810,4.폭력범죄_932310_label.wav,0.0
9811,4.폭력범죄_932319_label.wav,0.0
9812,4.폭력범죄_932350_label.wav,0.0
9813,4.폭력범죄_932377_label.wav,0.0
9814,4.폭력범죄_932378_label.wav,0.0
9818,4.폭력범죄_932470_label.wav,0.0
9821,4.폭력범죄_932545_label.wav,0.0
9833,4.폭력범죄_933086_label.wav,0.0
9848,4.폭력범죄_965_label.wav,0.0
9861,4.폭력범죄_996559_label.wav,0.0
9864,4.폭력범죄_996576_label.wav,0.0
9872,4.폭력범죄_996762_label.wav,0.0
9876,4.폭력범죄_996851_label.wav,0.0
9888,4.폭력범죄_997144_label.wav,0.0
9899,4.폭력범죄_997447_label.wav,0.0
9911,4.폭력범죄_997641_label.wav,0.0
9918,4.폭력범죄_997839_label.wav,0.0
9927,4.폭력범죄_998056_label.wav,0.0
9933,4.폭력범죄_998177_label.wav,0.0
9934,4.폭력범죄_998184_label.wav,0.0
9943,4.폭력범죄_998378_label.wav,0.0
9947,4.폭력범죄_998439_label.wav,0.0
9949,4.폭력범죄_998453_label.wav,0.0
9960,4.폭력범죄_998862_label.wav,0.0
9969,4.폭력범죄_999090_label.wav,0.0
9987,4.폭력범죄_999496_label.wav,0.0
9990,4.폭력범죄_999546_label.wav,0.0
